STRUCTURE,STRUCTURE_ID,STRUCTURE_NAME,ACTION,PATENT_AUTHORITIES,,FREQ,,MEASURE,,UNIT_MEASURE,,DATE_TYPE,,REF_AREA,,PARTNER_AREA,,AGENT_ROLE,,COOPERATION_TYPE,,WIPO,,OECD_TECHNOLOGY_PATENT,,TIME_PERIOD,,OBS_VALUE,,OBS_STATUS,,DECIMALS,,UNIT_MULT,
DATAFLOW,OECD.STI.PIE:DSD_PATENTS@DF_PATENTS_OECDSPECIFIC(1.0),,I,9P50_2,,A,,PF,,PATN_FM,,PRIORITY,,BIH,,_Z,,INVENTOR,,_Z,,_Z,,_T,,2022,,0,,A,,1,,0,
DATAFLOW,OECD.STI.PIE:DSD_PATENTS@DF_PATENTS_OECDSPECIFIC(1.0),,I,9P50_2,,A,,PF,,PATN_FM,,PRIORITY,,TTO,,_Z,,INVENTOR,,_Z,,_Z,,_T,,2022,,0,,A,,1,,0,
DATAFLOW,OECD.STI.PIE:DSD_PATENTS@DF_PATENTS_OECDSPECIFIC(1.0),,I,9P50_2,,A,,PF,,PATN_FM,,PRIORITY,,KEN,,_Z,,INVENTOR,,_Z,,_Z,,_T,,2022,,0,,A,,1,,0,
DATAFLOW,OECD.STI.PIE:DSD_PATENTS@DF_PATENTS_OECDSPECIFIC(1.0),,I,9P50_2,,A,,PF,,PATN_FM,,PRIORITY,,GEO,,_Z,,INVENTOR,,_Z,,_Z,,_T,,2022,,0,,A,,1,,0,
DATAFLOW,OECD.STI.PIE:DSD_PATENTS@DF_PATENTS_OECDSPECIFIC(1.0),,I,9P50_2,,A,,PF,,PATN_FM,,PRIORITY,,LBN,,_Z,,INVENTOR,,_Z,,_Z,,_T,,2022,,0,,A,,1,,0,
DATAFLOW,OECD.STI.PIE:DSD_PATENTS@DF_PATENTS_OECDSPECIFIC(1.0),,I,9P50_2,,A,,PF,,PATN_FM,,PRIORITY,,GTM,,_Z,,INVENTOR,,_Z,,_Z,,_T,,2022,,0,,A,,1,,0,
DATAFLOW,OECD.STI.PIE:DSD_PATENTS@DF_PATENTS_OECDSPECIFIC(1.0),,I,9P50_2,,A,,PF,,PATN_FM,,PRIORITY,,JAM,,_Z,,INVENTOR,,_Z,,_Z,,_T,,2022,,0,,A,,1,,0,
DATAFLOW,OECD.STI.PIE:DSD_PATENTS@DF_PATENTS_OECDSPECIFIC(1.0),,I,9P50_2,,A,,PF,,PATN_FM,,PRIORITY,,JOR,,_Z,,INVENTOR,,_Z,,_Z,,_T,,2022,,0,,A,,1,,0,
DATAFLOW,OECD.STI.PIE:DSD_PATENTS@DF_PATENTS_OECDSPECIFIC(1.0),,I,9P50_2,,A,,PF,,PATN_FM,,PRIORITY,,YUG_F,,_Z,,INVENTOR,,_Z,,_Z,,_T,,2022,,0,,A,,1,,0,
DATAFLOW,OECD.STI.PIE:DSD_PATENTS@DF_PATENTS_OECDSPECIFIC(1.0),,I,9P50_2,,A,,PF,,PATN_FM,,PRIORITY,,MLT,,_Z,,INVENTOR,,_Z,,_Z,,_T,,2022,,0,,A,,1,,0,
DATAFLOW,OECD.STI.PIE:DSD_PATENTS@DF_PATENTS_OECDSPECIFIC(1.0),,I,9P50_2,,A,,PF,,PATN_FM,,PRIORITY,,VEN,,_Z,,INVENTOR,,_Z,,_Z,,_T,,2022,,0,,A,,1,,0,
DATAFLOW,OECD.STI.PIE:DSD_PATENTS@DF_PATENTS_OECDSPECIFIC(1.0),,I,9P50_2,,A,,PF,,PATN_FM,,PRIORITY,,ECU,,_Z,,INVENTOR,,_Z,,_Z,,_T,,2022,,0,,A,,1,,0,
DATAFLOW,OECD.STI.PIE:DSD_PATENTS@DF_PATENTS_OECDSPECIFIC(1.0),,I,9P50_2,,A,,PF,,PATN_FM,,PRIORITY,,ZWE,,_Z,,INVENTOR,,_Z,,_Z,,_T,,2022,,0,,A,,1,,0,
DATAFLOW,OECD.STI.PIE:DSD_PATENTS@DF_PATENTS_OECDSPECIFIC(1.0),,I,9P50_2,,A,,PF,,PATN_FM,,PRIORITY,,LKA,,_Z,,INVENTOR,,_Z,,_Z,,_T,,2022,,0,,A,,1,,0,
DATAFLOW,OECD.STI.PIE:DSD_PATENTS@DF_PATENTS_OECDSPECIFIC(1.0),,I,9P50_2,,A,,PF,,PATN_FM,,PRIORITY,,MNG,,_Z,,INVENTOR,,_Z,,_Z,,_T,,2022,,0,,A,,1,,0,
DATAFLOW,OECD.STI.PIE:DSD_PATENTS@DF_PATENTS_OECDSPECIFIC(1.0),,I,9P50_2,,A,,PF,,PATN_FM,,PRIORITY,,MKD,,_Z,,INVENTOR,,_Z,,_Z,,_T,,2022,,0,,A,,1,,0,
DATAFLOW,OECD.STI.PIE:DSD_PATENTS@DF_PATENTS_OECDSPECIFIC(1.0),,I,9P50_2,,A,,PF,,PATN_FM,,PRIORITY,,TUN,,_Z,,INVENTOR,,_Z,,_Z,,_T,,2022,,0,,A,,1,,0,
DATAFLOW,OECD.STI.PIE:DSD_PATENTS@DF_PATENTS_OECDSPECIFIC(1.0),,I,9P50_2,,A,,PF,,PATN_FM,,PRIORITY,,SYC,,_Z,,INVENTOR,,_Z,,_Z,,_T,,2022,,0,,A,,1,,0,
DATAFLOW,OECD.STI.PIE:DSD_PATENTS@DF_PATENTS_OECDSPECIFIC(1.0),,I,9P50_2,,A,,PF,,PATN_FM,,PRIORITY,,PAK,,_Z,,INVENTOR,,_Z,,_Z,,_T,,2022,,0,,A,,1,,0,
DATAFLOW,OECD.STI.PIE:DSD_PATENTS@DF_PATENTS_OECDSPECIFIC(1.0),,I,9P50_2,,A,,PF,,PATN_FM,,PRIORITY,,SLV,,_Z,,INVENTOR,,_Z,,_Z,,_T,,2022,,0,,A,,1,,0,
DATAFLOW,OECD.STI.PIE:DSD_PATENTS@DF_PATENTS_OECDSPECIFIC(1.0),,I,9P50_2,,A,,PF,,PATN_FM,,PRIORITY,,BLR,,_Z,,INVENTOR,,_Z,,_Z,,_T,,2022,,0,,A,,1,,0,
DATAFLOW,OECD.STI.PIE:DSD_PATENTS@DF_PATENTS_OECDSPECIFIC(1.0),,I,9P50_2,,A,,PF,,PATN_FM,,PRIORITY,,UZB,,_Z,,INVENTOR,,_Z,,_Z,,_T,,2022,,0,,A,,1,,0,
DATAFLOW,OECD.STI.PIE:DSD_PATENTS@DF_PATENTS_OECDSPECIFIC(1.0),,I,9P50_2,,A,,PF,,PATN_FM,,PRIORITY,,MDA,,_Z,,INVENTOR,,_Z,,_Z,,_T,,2022,,0,,A,,1,,0,
DATAFLOW,OECD.STI.PIE:DSD_PATENTS@DF_PATENTS_OECDSPECIFIC(1.0),,I,9P50_2,,A,,PF,,PATN_FM,,PRIORITY,,KWT,,_Z,,INVENTOR,,_Z,,_Z,,_T,,2022,,0,,A,,1,,0,
DATAFLOW,OECD.STI.PIE:DSD_PATENTS@DF_PATENTS_OECDSPECIFIC(1.0),,I,9P50_2,,A,,PF,,PATN_FM,,PRIORITY,,DZA,,_Z,,INVENTOR,,_Z,,_Z,,_T,,2022,,0,,A,,1,,0,
DATAFLOW,OECD.STI.PIE:DSD_PATENTS@DF_PATENTS_OECDSPECIFIC(1.0),,I,9P50_2,,A,,PF,,PATN_FM,,PRIORITY,,AND,,_Z,,INVENTOR,,_Z,,_Z,,_T,,2022,,0,,A,,1,,0,
DATAFLOW,OECD.STI.PIE:DSD_PATENTS@DF_PATENTS_OECDSPECIFIC(1.0),,I,9P50_2,,A,,PF,,PATN_FM,,PRIORITY,,PAN,,_Z,,INVENTOR,,_Z,,_Z,,_T,,2022,,0,,A,,1,,0,
DATAFLOW,OECD.STI.PIE:DSD_PATENTS@DF_PATENTS_OECDSPECIFIC(1.0),,I,9P50_2,,A,,PF,,PATN_FM,,PRIORITY,,DJI,,_Z,,INVENTOR,,_Z,,_Z,,_T,,2022,,0,,A,,1,,0,
DATAFLOW,OECD.STI.PIE:DSD_PATENTS@DF_PATENTS_OECDSPECIFIC(1.0),,I,9P50_2,,A,,PF,,PATN_FM,,PRIORITY,,CYM,,_Z,,INVENTOR,,_Z,,_Z,,_T,,2022,,0,,A,,1,,0,
DATAFLOW,OECD.STI.PIE:DSD_PATENTS@DF_PATENTS_OECDSPECIFIC(1.0),,I,9P50_2,,A,,PF,,PATN_FM,,PRIORITY,,NGA,,_Z,,INVENTOR,,_Z,,_Z,,_T,,2022,,0,,A,,1,,0,
DATAFLOW,OECD.STI.PIE:DSD_PATENTS@DF_PATENTS_OECDSPECIFIC(1.0),,I,US50,,A,,AP,,PATN,,PRIORITY,,ZWE,,_Z,,INVENTOR,,_Z,,_Z,,_T,,2022,,0,,A,,1,,0,
DATAFLOW,OECD.STI.PIE:DSD_PATENTS@DF_PATENTS_OECDSPECIFIC(1.0),,I,US50,,A,,AP,,PATN,,PRIORITY,,DJI,,_Z,,INVENTOR,,_Z,,_Z,,_T,,2022,,0,,A,,1,,0,
DATAFLOW,OECD.STI.PIE:DSD_PATENTS@DF_PATENTS_OECDSPECIFIC(1.0),,I,US50,,A,,AP,,PATN,,PRIORITY,,YUG_F,,_Z,,INVENTOR,,_Z,,_Z,,_T,,2022,,0,,A,,1,,0,
DATAFLOW,OECD.STI.PIE:DSD_PATENTS@DF_PATENTS_OECDSPECIFIC(1.0),,I,US50,,A,,AP,,PATN,,PRIORITY,,SLV,,_Z,,INVENTOR,,_Z,,_Z,,_T,,2022,,0,,A,,1,,0,
DATAFLOW,OECD.STI.PIE:DSD_PATENTS@DF_PATENTS_OECDSPECIFIC(1.0),,I,9P50_2,,A,,PF,,PATN_FM,,PRIORITY,,NLD,,_Z,,INVENTOR,,_Z,,_Z,,_T,,2022,,298.1409,,A,,1,,0,
DATAFLOW,OECD.STI.PIE:DSD_PATENTS@DF_PATENTS_OECDSPECIFIC(1.0),,I,9P50_2,,A,,PF,,PATN_FM,,PRIORITY,,W,,_Z,,INVENTOR,,_Z,,_Z,,_T,,2022,,28753,,A,,1,,0,
DATAFLOW,OECD.STI.PIE:DSD_PATENTS@DF_PATENTS_OECDSPECIFIC(1.0),,I,9P50_2,,A,,PF,,PATN_FM,,PRIORITY,,PRK,,_Z,,INVENTOR,,_Z,,_Z,,_T,,2022,,0.125,,A,,1,,0,
DATAFLOW,OECD.STI.PIE:DSD_PATENTS@DF_PATENTS_OECDSPECIFIC(1.0),,I,9P50_2,,A,,PF,,PATN_FM,,PRIORITY,,SWE,,_Z,,INVENTOR,,_Z,,_Z,,_T,,2022,,270.93759,,A,,1,,0,
DATAFLOW,OECD.STI.PIE:DSD_PATENTS@DF_PATENTS_OECDSPECIFIC(1.0),,I,9P50_2,,A,,PF,,PATN_FM,,PRIORITY,,HUN,,_Z,,INVENTOR,,_Z,,_Z,,_T,,2022,,10.9675,,A,,1,,0,
DATAFLOW,OECD.STI.PIE:DSD_PATENTS@DF_PATENTS_OECDSPECIFIC(1.0),,I,9P50_2,,A,,PF,,PATN_FM,,PRIORITY,,ISR,,_Z,,INVENTOR,,_Z,,_Z,,_T,,2022,,283.40869,,A,,1,,0,
DATAFLOW,OECD.STI.PIE:DSD_PATENTS@DF_PATENTS_OECDSPECIFIC(1.0),,I,9P50_2,,A,,PF,,PATN_FM,,PRIORITY,,BEL,,_Z,,INVENTOR,,_Z,,_Z,,_T,,2022,,169.3685,,A,,1,,0,
DATAFLOW,OECD.STI.PIE:DSD_PATENTS@DF_PATENTS_OECDSPECIFIC(1.0),,I,9P50_2,,A,,PF,,PATN_FM,,PRIORITY,,GRC,,_Z,,INVENTOR,,_Z,,_Z,,_T,,2022,,6.4749999,,A,,1,,0,
DATAFLOW,OECD.STI.PIE:DSD_PATENTS@DF_PATENTS_OECDSPECIFIC(1.0),,I,9P50_2,,A,,PF,,PATN_FM,,PRIORITY,,ARM,,_Z,,INVENTOR,,_Z,,_Z,,_T,,2022,,0.57690001,,A,,1,,0,
DATAFLOW,OECD.STI.PIE:DSD_PATENTS@DF_PATENTS_OECDSPECIFIC(1.0),,I,9P50_2,,A,,PF,,PATN_FM,,PRIORITY,,PHL,,_Z,,INVENTOR,,_Z,,_Z,,_T,,2022,,5.4166999,,A,,1,,0,
DATAFLOW,OECD.STI.PIE:DSD_PATENTS@DF_PATENTS_OECDSPECIFIC(1.0),,I,9P50_2,,A,,PF,,PATN_FM,,PRIORITY,,IDN,,_Z,,INVENTOR,,_Z,,_Z,,_T,,2022,,0.75,,A,,1,,0,
DATAFLOW,OECD.STI.PIE:DSD_PATENTS@DF_PATENTS_OECDSPECIFIC(1.0),,I,9P50_2,,A,,PF,,PATN_FM,,PRIORITY,,ESP,,_Z,,INVENTOR,,_Z,,_Z,,_T,,2022,,125.6769,,A,,1,,0,
DATAFLOW,OECD.STI.PIE:DSD_PATENTS@DF_PATENTS_OECDSPECIFIC(1.0),,I,9P50_2,,A,,PF,,PATN_FM,,PRIORITY,,AUS,,_Z,,INVENTOR,,_Z,,_Z,,_T,,2022,,103.5037,,A,,1,,0,
DATAFLOW,OECD.STI.PIE:DSD_PATENTS@DF_PATENTS_OECDSPECIFIC(1.0),,I,9P50_2,,A,,PF,,PATN_FM,,PRIORITY,,UKR,,_Z,,INVENTOR,,_Z,,_Z,,_T,,2022,,5,,A,,1,,0,
DATAFLOW,OECD.STI.PIE:DSD_PATENTS@DF_PATENTS_OECDSPECIFIC(1.0),,I,9P50_2,,A,,PF,,PATN_FM,,PRIORITY,,DEU,,_Z,,INVENTOR,,_Z,,_Z,,_T,,2022,,1758.9833,,A,,1,,0,
DATAFLOW,OECD.STI.PIE:DSD_PATENTS@DF_PATENTS_OECDSPECIFIC(1.0),,I,9P50_2,,A,,PF,,PATN_FM,,PRIORITY,,LTU,,_Z,,INVENTOR,,_Z,,_Z,,_T,,2022,,2.2221999,,A,,1,,0,
DATAFLOW,OECD.STI.PIE:DSD_PATENTS@DF_PATENTS_OECDSPECIFIC(1.0),,I,9P50_2,,A,,PF,,PATN_FM,,PRIORITY,,DNK,,_Z,,INVENTOR,,_Z,,_Z,,_T,,2022,,110.9161,,A,,1,,0,
DATAFLOW,OECD.STI.PIE:DSD_PATENTS@DF_PATENTS_OECDSPECIFIC(1.0),,I,9P50_2,,A,,PF,,PATN_FM,,PRIORITY,,MAR,,_Z,,INVENTOR,,_Z,,_Z,,_T,,2022,,1.25,,A,,1,,0,
DATAFLOW,OECD.STI.PIE:DSD_PATENTS@DF_PATENTS_OECDSPECIFIC(1.0),,I,9P50_2,,A,,PF,,PATN_FM,,PRIORITY,,BMU,,_Z,,INVENTOR,,_Z,,_Z,,_T,,2022,,0.66670001,,A,,1,,0,
DATAFLOW,OECD.STI.PIE:DSD_PATENTS@DF_PATENTS_OECDSPECIFIC(1.0),,I,9P50_2,,A,,PF,,PATN_FM,,PRIORITY,,PER,,_Z,,INVENTOR,,_Z,,_Z,,_T,,2022,,0.25,,A,,1,,0,
DATAFLOW,OECD.STI.PIE:DSD_PATENTS@DF_PATENTS_OECDSPECIFIC(1.0),,I,9P50_2,,A,,PF,,PATN_FM,,PRIORITY,,CHL,,_Z,,INVENTOR,,_Z,,_Z,,_T,,2022,,2.125,,A,,1,,0,
DATAFLOW,OECD.STI.PIE:DSD_PATENTS@DF_PATENTS_OECDSPECIFIC(1.0),,I,9P50_2,,A,,PF,,PATN_FM,,PRIORITY,,THA,,_Z,,INVENTOR,,_Z,,_Z,,_T,,2022,,9.1422005,,A,,1,,0,
DATAFLOW,OECD.STI.PIE:DSD_PATENTS@DF_PATENTS_OECDSPECIFIC(1.0),,I,9P50_2,,A,,PF,,PATN_FM,,PRIORITY,,ITA,,_Z,,INVENTOR,,_Z,,_Z,,_T,,2022,,371.76709,,A,,1,,0,
DATAFLOW,OECD.STI.PIE:DSD_PATENTS@DF_PATENTS_OECDSPECIFIC(1.0),,I,9P50_2,,A,,PF,,PATN_FM,,PRIORITY,,MYS,,_Z,,INVENTOR,,_Z,,_Z,,_T,,2022,,6.4397001,,A,,1,,0,
DATAFLOW,OECD.STI.PIE:DSD_PATENTS@DF_PATENTS_OECDSPECIFIC(1.0),,I,9P50_2,,A,,PF,,PATN_FM,,PRIORITY,,AUT,,_Z,,INVENTOR,,_Z,,_Z,,_T,,2022,,140.9454,,A,,1,,0,
DATAFLOW,OECD.STI.PIE:DSD_PATENTS@DF_PATENTS_OECDSPECIFIC(1.0),,I,9P50_2,,A,,PF,,PATN_FM,,PRIORITY,,GBR,,_Z,,INVENTOR,,_Z,,_Z,,_T,,2022,,647.72321,,A,,1,,0,
DATAFLOW,OECD.STI.PIE:DSD_PATENTS@DF_PATENTS_OECDSPECIFIC(1.0),,I,9P50_2,,A,,PF,,PATN_FM,,PRIORITY,,IRL,,_Z,,INVENTOR,,_Z,,_Z,,_T,,2022,,74.325897,,A,,1,,0,
DATAFLOW,OECD.STI.PIE:DSD_PATENTS@DF_PATENTS_OECDSPECIFIC(1.0),,I,9P50_2,,A,,PF,,PATN_FM,,PRIORITY,,ZAF,,_Z,,INVENTOR,,_Z,,_Z,,_T,,2022,,5.8333001,,A,,1,,0,
DATAFLOW,OECD.STI.PIE:DSD_PATENTS@DF_PATENTS_OECDSPECIFIC(1.0),,I,9P50_2,,A,,PF,,PATN_FM,,PRIORITY,,USA,,_Z,,INVENTOR,,_Z,,_Z,,_T,,2022,,6304.5498,,A,,1,,0,
DATAFLOW,OECD.STI.PIE:DSD_PATENTS@DF_PATENTS_OECDSPECIFIC(1.0),,I,9P50_2,,A,,PF,,PATN_FM,,PRIORITY,,SAU,,_Z,,INVENTOR,,_Z,,_Z,,_T,,2022,,13.5929,,A,,1,,0,
DATAFLOW,OECD.STI.PIE:DSD_PATENTS@DF_PATENTS_OECDSPECIFIC(1.0),,I,9P50_2,,A,,PF,,PATN_FM,,PRIORITY,,ARG,,_Z,,INVENTOR,,_Z,,_Z,,_T,,2022,,4.7213998,,A,,1,,0,
DATAFLOW,OECD.STI.PIE:DSD_PATENTS@DF_PATENTS_OECDSPECIFIC(1.0),,I,9P50_2,,A,,PF,,PATN_FM,,PRIORITY,,OECD,,_Z,,INVENTOR,,_Z,,_Z,,_T,,2022,,24416.031,,A,,1,,0,
DATAFLOW,OECD.STI.PIE:DSD_PATENTS@DF_PATENTS_OECDSPECIFIC(1.0),,I,9P50_2,,A,,PF,,PATN_FM,,PRIORITY,,JPN,,_Z,,INVENTOR,,_Z,,_Z,,_T,,2022,,9517.7861,,A,,1,,0,
DATAFLOW,OECD.STI.PIE:DSD_PATENTS@DF_PATENTS_OECDSPECIFIC(1.0),,I,9P50_2,,A,,PF,,PATN_FM,,PRIORITY,,CZE,,_Z,,INVENTOR,,_Z,,_Z,,_T,,2022,,30.6583,,A,,1,,0,
DATAFLOW,OECD.STI.PIE:DSD_PATENTS@DF_PATENTS_OECDSPECIFIC(1.0),,I,9P50_2,,A,,PF,,PATN_FM,,PRIORITY,,BRA,,_Z,,INVENTOR,,_Z,,_Z,,_T,,2022,,22.276199,,A,,1,,0,
DATAFLOW,OECD.STI.PIE:DSD_PATENTS@DF_PATENTS_OECDSPECIFIC(1.0),,I,9P50_2,,A,,PF,,PATN_FM,,PRIORITY,,FIN,,_Z,,INVENTOR,,_Z,,_Z,,_T,,2022,,124.69,,A,,1,,0,
DATAFLOW,OECD.STI.PIE:DSD_PATENTS@DF_PATENTS_OECDSPECIFIC(1.0),,I,9P50_2,,A,,PF,,PATN_FM,,PRIORITY,,ARE,,_Z,,INVENTOR,,_Z,,_Z,,_T,,2022,,11.8,,A,,1,,0,
DATAFLOW,OECD.STI.PIE:DSD_PATENTS@DF_PATENTS_OECDSPECIFIC(1.0),,I,9P50_2,,A,,PF,,PATN_FM,,PRIORITY,,MEX,,_Z,,INVENTOR,,_Z,,_Z,,_T,,2022,,11.7833,,A,,1,,0,
DATAFLOW,OECD.STI.PIE:DSD_PATENTS@DF_PATENTS_OECDSPECIFIC(1.0),,I,9P50_2,,A,,PF,,PATN_FM,,PRIORITY,,SVK,,_Z,,INVENTOR,,_Z,,_Z,,_T,,2022,,6.3333001,,A,,1,,0,
DATAFLOW,OECD.STI.PIE:DSD_PATENTS@DF_PATENTS_OECDSPECIFIC(1.0),,I,9P50_2,,A,,PF,,PATN_FM,,PRIORITY,,CYP,,_Z,,INVENTOR,,_Z,,_Z,,_T,,2022,,2.75,,A,,1,,0,
DATAFLOW,OECD.STI.PIE:DSD_PATENTS@DF_PATENTS_OECDSPECIFIC(1.0),,I,9P50_2,,A,,PF,,PATN_FM,,PRIORITY,,PRI,,_Z,,INVENTOR,,_Z,,_Z,,_T,,2022,,0.1548,,A,,1,,0,
DATAFLOW,OECD.STI.PIE:DSD_PATENTS@DF_PATENTS_OECDSPECIFIC(1.0),,I,9P50_2,,A,,PF,,PATN_FM,,PRIORITY,,RUS,,_Z,,INVENTOR,,_Z,,_Z,,_T,,2022,,22.2885,,A,,1,,0,
DATAFLOW,OECD.STI.PIE:DSD_PATENTS@DF_PATENTS_OECDSPECIFIC(1.0),,I,9P50_2,,A,,PF,,PATN_FM,,PRIORITY,,POL,,_Z,,INVENTOR,,_Z,,_Z,,_T,,2022,,36.860001,,A,,1,,0,
DATAFLOW,OECD.STI.PIE:DSD_PATENTS@DF_PATENTS_OECDSPECIFIC(1.0),,I,9P50_2,,A,,PF,,PATN_FM,,PRIORITY,,EST,,_Z,,INVENTOR,,_Z,,_Z,,_T,,2022,,3,,A,,1,,0,
DATAFLOW,OECD.STI.PIE:DSD_PATENTS@DF_PATENTS_OECDSPECIFIC(1.0),,I,9P50_2,,A,,PF,,PATN_FM,,PRIORITY,,LIE,,_Z,,INVENTOR,,_Z,,_Z,,_T,,2022,,3.9595001,,A,,1,,0,
DATAFLOW,OECD.STI.PIE:DSD_PATENTS@DF_PATENTS_OECDSPECIFIC(1.0),,I,9P50_2,,A,,PF,,PATN_FM,,PRIORITY,,MCO,,_Z,,INVENTOR,,_Z,,_Z,,_T,,2022,,0.5,,A,,1,,0,
DATAFLOW,OECD.STI.PIE:DSD_PATENTS@DF_PATENTS_OECDSPECIFIC(1.0),,I,9P50_2,,A,,PF,,PATN_FM,,PRIORITY,,IND,,_Z,,INVENTOR,,_Z,,_Z,,_T,,2022,,306.46371,,A,,1,,0,
DATAFLOW,OECD.STI.PIE:DSD_PATENTS@DF_PATENTS_OECDSPECIFIC(1.0),,I,9P50_2,,A,,PF,,PATN_FM,,PRIORITY,,PRT,,_Z,,INVENTOR,,_Z,,_Z,,_T,,2022,,18.222099,,A,,1,,0,
DATAFLOW,OECD.STI.PIE:DSD_PATENTS@DF_PATENTS_OECDSPECIFIC(1.0),,I,9P50_2,,A,,PF,,PATN_FM,,PRIORITY,,ISL,,_Z,,INVENTOR,,_Z,,_Z,,_T,,2022,,3,,A,,1,,0,
DATAFLOW,OECD.STI.PIE:DSD_PATENTS@DF_PATENTS_OECDSPECIFIC(1.0),,I,9P50_2,,A,,PF,,PATN_FM,,PRIORITY,,CAN,,_Z,,INVENTOR,,_Z,,_Z,,_T,,2022,,293.87439,,A,,1,,0,
DATAFLOW,OECD.STI.PIE:DSD_PATENTS@DF_PATENTS_OECDSPECIFIC(1.0),,I,9P50_2,,A,,PF,,PATN_FM,,PRIORITY,,BGR,,_Z,,INVENTOR,,_Z,,_Z,,_T,,2022,,1.5118999,,A,,1,,0,
DATAFLOW,OECD.STI.PIE:DSD_PATENTS@DF_PATENTS_OECDSPECIFIC(1.0),,I,9P50_2,,A,,PF,,PATN_FM,,PRIORITY,,NOR,,_Z,,INVENTOR,,_Z,,_Z,,_T,,2022,,41.862598,,A,,1,,0,
DATAFLOW,OECD.STI.PIE:DSD_PATENTS@DF_PATENTS_OECDSPECIFIC(1.0),,I,9P50_2,,A,,PF,,PATN_FM,,PRIORITY,,EU27_2020,,_Z,,INVENTOR,,_Z,,_Z,,_T,,2022,,4294.5469,,A,,1,,0,
DATAFLOW,OECD.STI.PIE:DSD_PATENTS@DF_PATENTS_OECDSPECIFIC(1.0),,I,9P50_2,,A,,PF,,PATN_FM,,PRIORITY,,SGP,,_Z,,INVENTOR,,_Z,,_Z,,_T,,2022,,95.076599,,A,,1,,0,
DATAFLOW,OECD.STI.PIE:DSD_PATENTS@DF_PATENTS_OECDSPECIFIC(1.0),,I,9P50_2,,A,,PF,,PATN_FM,,PRIORITY,,HRV,,_Z,,INVENTOR,,_Z,,_Z,,_T,,2022,,5.2916999,,A,,1,,0,
DATAFLOW,OECD.STI.PIE:DSD_PATENTS@DF_PATENTS_OECDSPECIFIC(1.0),,I,9P50_2,,A,,PF,,PATN_FM,,PRIORITY,,COL,,_Z,,INVENTOR,,_Z,,_Z,,_T,,2022,,1.3095,,A,,1,,0,
DATAFLOW,OECD.STI.PIE:DSD_PATENTS@DF_PATENTS_OECDSPECIFIC(1.0),,I,9P50_2,,A,,PF,,PATN_FM,,PRIORITY,,FRA,,_Z,,INVENTOR,,_Z,,_Z,,_T,,2022,,694.90302,,A,,1,,0,
DATAFLOW,OECD.STI.PIE:DSD_PATENTS@DF_PATENTS_OECDSPECIFIC(1.0),,I,9P50_2,,A,,PF,,PATN_FM,,PRIORITY,,CHE,,_Z,,INVENTOR,,_Z,,_Z,,_T,,2022,,568.76709,,A,,1,,0,
DATAFLOW,OECD.STI.PIE:DSD_PATENTS@DF_PATENTS_OECDSPECIFIC(1.0),,I,9P50_2,,A,,PF,,PATN_FM,,PRIORITY,,HKG,,_Z,,INVENTOR,,_Z,,_Z,,_T,,2022,,13.6667,,A,,1,,0,
DATAFLOW,OECD.STI.PIE:DSD_PATENTS@DF_PATENTS_OECDSPECIFIC(1.0),,I,9P50_2,,A,,PF,,PATN_FM,,PRIORITY,,TUR,,_Z,,INVENTOR,,_Z,,_Z,,_T,,2022,,13.2333,,A,,1,,0,
DATAFLOW,OECD.STI.PIE:DSD_PATENTS@DF_PATENTS_OECDSPECIFIC(1.0),,I,9P50_2,,A,,PF,,PATN_FM,,PRIORITY,,SVN,,_Z,,INVENTOR,,_Z,,_Z,,_T,,2022,,11.9667,,A,,1,,0,
DATAFLOW,OECD.STI.PIE:DSD_PATENTS@DF_PATENTS_OECDSPECIFIC(1.0),,I,9P50_2,,A,,PF,,PATN_FM,,PRIORITY,,NZL,,_Z,,INVENTOR,,_Z,,_Z,,_T,,2022,,14.6125,,A,,1,,0,
DATAFLOW,OECD.STI.PIE:DSD_PATENTS@DF_PATENTS_OECDSPECIFIC(1.0),,I,9P50_2,,A,,PF,,PATN_FM,,PRIORITY,,LUX,,_Z,,INVENTOR,,_Z,,_Z,,_T,,2022,,9.5857,,A,,1,,0,
DATAFLOW,OECD.STI.PIE:DSD_PATENTS@DF_PATENTS_OECDSPECIFIC(1.0),,I,9P50_2,,A,,PF,,PATN_FM,,PRIORITY,,TWN,,_Z,,INVENTOR,,_Z,,_Z,,_T,,2022,,420.55161,,A,,1,,0,
DATAFLOW,OECD.STI.PIE:DSD_PATENTS@DF_PATENTS_OECDSPECIFIC(1.0),,I,9P50_2,,A,,PF,,PATN_FM,,PRIORITY,,URY,,_Z,,INVENTOR,,_Z,,_Z,,_T,,2022,,1.1429,,A,,1,,0,
DATAFLOW,OECD.STI.PIE:DSD_PATENTS@DF_PATENTS_OECDSPECIFIC(1.0),,I,9P50_2,,A,,PF,,PATN_FM,,PRIORITY,,CHN,,_Z,,INVENTOR,,_Z,,_Z,,_T,,2022,,3296.1621,,A,,1,,0,
DATAFLOW,OECD.STI.PIE:DSD_PATENTS@DF_PATENTS_OECDSPECIFIC(1.0),,I,9P50_2,,A,,PF,,PATN_FM,,PRIORITY,,CRI,,_Z,,INVENTOR,,_Z,,_Z,,_T,,2022,,5.9356999,,A,,1,,0,
DATAFLOW,OECD.STI.PIE:DSD_PATENTS@DF_PATENTS_OECDSPECIFIC(1.0),,I,9P50_2,,A,,PF,,PATN_FM,,PRIORITY,,KOR,,_Z,,INVENTOR,,_Z,,_Z,,_T,,2022,,2324.6106,,A,,1,,0,
DATAFLOW,OECD.STI.PIE:DSD_PATENTS@DF_PATENTS_OECDSPECIFIC(1.0),,I,9P50_2,,A,,PF,,PATN_FM,,PRIORITY,,ROU,,_Z,,INVENTOR,,_Z,,_Z,,_T,,2022,,7.0475998,,A,,1,,0,
DATAFLOW,OECD.STI.PIE:DSD_PATENTS@DF_PATENTS_OECDSPECIFIC(1.0),,I,9P50_2,,A,,PF,,PATN_FM,,PRIORITY,,IRN,,_Z,,INVENTOR,,_Z,,_Z,,_T,,2022,,1,,A,,1,,0,
DATAFLOW,OECD.STI.PIE:DSD_PATENTS@DF_PATENTS_OECDSPECIFIC(1.0),,I,9P50_2,,A,,PF,,PATN_FM,,PRIORITY,,LVA,,_Z,,INVENTOR,,_Z,,_Z,,_T,,2022,,1,,A,,1,,0,
DATAFLOW,OECD.STI.PIE:DSD_PATENTS@DF_PATENTS_OECDSPECIFIC(1.0),,I,9P50_2,,A,,PF,,PATN_FM,,PRIORITY,,CUB,,_Z,,INVENTOR,,_Z,,_Z,,_T,,2022,,1,,A,,1,,0,
DATAFLOW,OECD.STI.PIE:DSD_PATENTS@DF_PATENTS_OECDSPECIFIC(1.0),,I,9P50_2,,A,,PF,,PATN_FM,,PRIORITY,,EGY,,_Z,,INVENTOR,,_Z,,_Z,,_T,,2022,,1,,A,,1,,0,
DATAFLOW,OECD.STI.PIE:DSD_PATENTS@DF_PATENTS_OECDSPECIFIC(1.0),,I,9P50_2,,A,,PF,,PATN_FM,,PRIORITY,,KAZ,,_Z,,INVENTOR,,_Z,,_Z,,_T,,2022,,1,,A,,1,,0,
DATAFLOW,OECD.STI.PIE:DSD_PATENTS@DF_PATENTS_OECDSPECIFIC(1.0),,I,US50,,A,,AP,,PATN,,PRIORITY,,CZE,,_Z,,INVENTOR,,_Z,,_Z,,_T,,2022,,256.70291,,A,,1,,0,
DATAFLOW,OECD.STI.PIE:DSD_PATENTS@DF_PATENTS_OECDSPECIFIC(1.0),,I,US50,,A,,AP,,PATN,,PRIORITY,,SVK,,_Z,,INVENTOR,,_Z,,_Z,,_T,,2022,,44.433498,,A,,1,,0,
DATAFLOW,OECD.STI.PIE:DSD_PATENTS@DF_PATENTS_OECDSPECIFIC(1.0),,I,US50,,A,,AP,,PATN,,PRIORITY,,IRN,,_Z,,INVENTOR,,_Z,,_Z,,_T,,2022,,38.285702,,A,,1,,0,
DATAFLOW,OECD.STI.PIE:DSD_PATENTS@DF_PATENTS_OECDSPECIFIC(1.0),,I,US50,,A,,AP,,PATN,,PRIORITY,,NGA,,_Z,,INVENTOR,,_Z,,_Z,,_T,,2022,,2.9000001,,A,,1,,0,
DATAFLOW,OECD.STI.PIE:DSD_PATENTS@DF_PATENTS_OECDSPECIFIC(1.0),,I,US50,,A,,AP,,PATN,,PRIORITY,,ECU,,_Z,,INVENTOR,,_Z,,_Z,,_T,,2022,,2.2916999,,A,,1,,0,
DATAFLOW,OECD.STI.PIE:DSD_PATENTS@DF_PATENTS_OECDSPECIFIC(1.0),,I,US50,,A,,AP,,PATN,,PRIORITY,,PER,,_Z,,INVENTOR,,_Z,,_Z,,_T,,2022,,1.1389,,A,,1,,0,
DATAFLOW,OECD.STI.PIE:DSD_PATENTS@DF_PATENTS_OECDSPECIFIC(1.0),,I,US50,,A,,AP,,PATN,,PRIORITY,,SGP,,_Z,,INVENTOR,,_Z,,_Z,,_T,,2022,,1116.9506,,A,,1,,0,
DATAFLOW,OECD.STI.PIE:DSD_PATENTS@DF_PATENTS_OECDSPECIFIC(1.0),,I,US50,,A,,AP,,PATN,,PRIORITY,,PHL,,_Z,,INVENTOR,,_Z,,_Z,,_T,,2022,,106.594,,A,,1,,0,
DATAFLOW,OECD.STI.PIE:DSD_PATENTS@DF_PATENTS_OECDSPECIFIC(1.0),,I,US50,,A,,AP,,PATN,,PRIORITY,,W,,_Z,,INVENTOR,,_Z,,_Z,,_T,,2022,,282880,,A,,1,,0,
DATAFLOW,OECD.STI.PIE:DSD_PATENTS@DF_PATENTS_OECDSPECIFIC(1.0),,I,US50,,A,,AP,,PATN,,PRIORITY,,FIN,,_Z,,INVENTOR,,_Z,,_Z,,_T,,2022,,965.75208,,A,,1,,0,
DATAFLOW,OECD.STI.PIE:DSD_PATENTS@DF_PATENTS_OECDSPECIFIC(1.0),,I,US50,,A,,AP,,PATN,,PRIORITY,,TUN,,_Z,,INVENTOR,,_Z,,_Z,,_T,,2022,,6.0088,,A,,1,,0,
DATAFLOW,OECD.STI.PIE:DSD_PATENTS@DF_PATENTS_OECDSPECIFIC(1.0),,I,US50,,A,,AP,,PATN,,PRIORITY,,PRT,,_Z,,INVENTOR,,_Z,,_Z,,_T,,2022,,118.521,,A,,1,,0,
DATAFLOW,OECD.STI.PIE:DSD_PATENTS@DF_PATENTS_OECDSPECIFIC(1.0),,I,US50,,A,,AP,,PATN,,PRIORITY,,IRL,,_Z,,INVENTOR,,_Z,,_Z,,_T,,2022,,776.41412,,A,,1,,0,
DATAFLOW,OECD.STI.PIE:DSD_PATENTS@DF_PATENTS_OECDSPECIFIC(1.0),,I,US50,,A,,AP,,PATN,,PRIORITY,,MYS,,_Z,,INVENTOR,,_Z,,_Z,,_T,,2022,,262.84061,,A,,1,,0,
DATAFLOW,OECD.STI.PIE:DSD_PATENTS@DF_PATENTS_OECDSPECIFIC(1.0),,I,US50,,A,,AP,,PATN,,PRIORITY,,LUX,,_Z,,INVENTOR,,_Z,,_Z,,_T,,2022,,48.404499,,A,,1,,0,
DATAFLOW,OECD.STI.PIE:DSD_PATENTS@DF_PATENTS_OECDSPECIFIC(1.0),,I,US50,,A,,AP,,PATN,,PRIORITY,,KOR,,_Z,,INVENTOR,,_Z,,_Z,,_T,,2022,,23415.477,,A,,1,,0,
DATAFLOW,OECD.STI.PIE:DSD_PATENTS@DF_PATENTS_OECDSPECIFIC(1.0),,I,US50,,A,,AP,,PATN,,PRIORITY,,BEL,,_Z,,INVENTOR,,_Z,,_Z,,_T,,2022,,924.98712,,A,,1,,0,
DATAFLOW,OECD.STI.PIE:DSD_PATENTS@DF_PATENTS_OECDSPECIFIC(1.0),,I,US50,,A,,AP,,PATN,,PRIORITY,,ARM,,_Z,,INVENTOR,,_Z,,_Z,,_T,,2022,,29.408199,,A,,1,,0,
DATAFLOW,OECD.STI.PIE:DSD_PATENTS@DF_PATENTS_OECDSPECIFIC(1.0),,I,US50,,A,,AP,,PATN,,PRIORITY,,CYP,,_Z,,INVENTOR,,_Z,,_Z,,_T,,2022,,19.444,,A,,1,,0,
DATAFLOW,OECD.STI.PIE:DSD_PATENTS@DF_PATENTS_OECDSPECIFIC(1.0),,I,US50,,A,,AP,,PATN,,PRIORITY,,JPN,,_Z,,INVENTOR,,_Z,,_Z,,_T,,2022,,39359.461,,A,,1,,0,
DATAFLOW,OECD.STI.PIE:DSD_PATENTS@DF_PATENTS_OECDSPECIFIC(1.0),,I,US50,,A,,AP,,PATN,,PRIORITY,,MEX,,_Z,,INVENTOR,,_Z,,_Z,,_T,,2022,,270.44809,,A,,1,,0,
DATAFLOW,OECD.STI.PIE:DSD_PATENTS@DF_PATENTS_OECDSPECIFIC(1.0),,I,US50,,A,,AP,,PATN,,PRIORITY,,GTM,,_Z,,INVENTOR,,_Z,,_Z,,_T,,2022,,4.1666999,,A,,1,,0,
DATAFLOW,OECD.STI.PIE:DSD_PATENTS@DF_PATENTS_OECDSPECIFIC(1.0),,I,US50,,A,,AP,,PATN,,PRIORITY,,SAU,,_Z,,INVENTOR,,_Z,,_Z,,_T,,2022,,1271.4807,,A,,1,,0,
DATAFLOW,OECD.STI.PIE:DSD_PATENTS@DF_PATENTS_OECDSPECIFIC(1.0),,I,US50,,A,,AP,,PATN,,PRIORITY,,BLR,,_Z,,INVENTOR,,_Z,,_Z,,_T,,2022,,26.5373,,A,,1,,0,
DATAFLOW,OECD.STI.PIE:DSD_PATENTS@DF_PATENTS_OECDSPECIFIC(1.0),,I,US50,,A,,AP,,PATN,,PRIORITY,,MNG,,_Z,,INVENTOR,,_Z,,_Z,,_T,,2022,,0.1,,A,,1,,0,
DATAFLOW,OECD.STI.PIE:DSD_PATENTS@DF_PATENTS_OECDSPECIFIC(1.0),,I,US50,,A,,AP,,PATN,,PRIORITY,,CHN,,_Z,,INVENTOR,,_Z,,_Z,,_T,,2022,,33472.578,,A,,1,,0,
DATAFLOW,OECD.STI.PIE:DSD_PATENTS@DF_PATENTS_OECDSPECIFIC(1.0),,I,US50,,A,,AP,,PATN,,PRIORITY,,KEN,,_Z,,INVENTOR,,_Z,,_Z,,_T,,2022,,8.7004004,,A,,1,,0,
DATAFLOW,OECD.STI.PIE:DSD_PATENTS@DF_PATENTS_OECDSPECIFIC(1.0),,I,US50,,A,,AP,,PATN,,PRIORITY,,DZA,,_Z,,INVENTOR,,_Z,,_Z,,_T,,2022,,2.5332999,,A,,1,,0,
DATAFLOW,OECD.STI.PIE:DSD_PATENTS@DF_PATENTS_OECDSPECIFIC(1.0),,I,US50,,A,,AP,,PATN,,PRIORITY,,HKG,,_Z,,INVENTOR,,_Z,,_Z,,_T,,2022,,421.72589,,A,,1,,0,
DATAFLOW,OECD.STI.PIE:DSD_PATENTS@DF_PATENTS_OECDSPECIFIC(1.0),,I,US50,,A,,AP,,PATN,,PRIORITY,,EGY,,_Z,,INVENTOR,,_Z,,_Z,,_T,,2022,,31.670601,,A,,1,,0,
DATAFLOW,OECD.STI.PIE:DSD_PATENTS@DF_PATENTS_OECDSPECIFIC(1.0),,I,US50,,A,,AP,,PATN,,PRIORITY,,ARG,,_Z,,INVENTOR,,_Z,,_Z,,_T,,2022,,88.059502,,A,,1,,0,
DATAFLOW,OECD.STI.PIE:DSD_PATENTS@DF_PATENTS_OECDSPECIFIC(1.0),,I,US50,,A,,AP,,PATN,,PRIORITY,,PRK,,_Z,,INVENTOR,,_Z,,_Z,,_T,,2022,,0.76789999,,A,,1,,0,
DATAFLOW,OECD.STI.PIE:DSD_PATENTS@DF_PATENTS_OECDSPECIFIC(1.0),,I,US50,,A,,AP,,PATN,,PRIORITY,,POL,,_Z,,INVENTOR,,_Z,,_Z,,_T,,2022,,448.98181,,A,,1,,0,
DATAFLOW,OECD.STI.PIE:DSD_PATENTS@DF_PATENTS_OECDSPECIFIC(1.0),,I,US50,,A,,AP,,PATN,,PRIORITY,,OECD,,_Z,,INVENTOR,,_Z,,_Z,,_T,,2022,,222239.97,,A,,1,,0,
DATAFLOW,OECD.STI.PIE:DSD_PATENTS@DF_PATENTS_OECDSPECIFIC(1.0),,I,US50,,A,,AP,,PATN,,PRIORITY,,USA,,_Z,,INVENTOR,,_Z,,_Z,,_T,,2022,,113178.39,,A,,1,,0,
DATAFLOW,OECD.STI.PIE:DSD_PATENTS@DF_PATENTS_OECDSPECIFIC(1.0),,I,US50,,A,,AP,,PATN,,PRIORITY,,BIH,,_Z,,INVENTOR,,_Z,,_Z,,_T,,2022,,1.5944,,A,,1,,0,
DATAFLOW,OECD.STI.PIE:DSD_PATENTS@DF_PATENTS_OECDSPECIFIC(1.0),,I,US50,,A,,AP,,PATN,,PRIORITY,,LIE,,_Z,,INVENTOR,,_Z,,_Z,,_T,,2022,,16.0429,,A,,1,,0,
DATAFLOW,OECD.STI.PIE:DSD_PATENTS@DF_PATENTS_OECDSPECIFIC(1.0),,I,US50,,A,,AP,,PATN,,PRIORITY,,DNK,,_Z,,INVENTOR,,_Z,,_Z,,_T,,2022,,769.93091,,A,,1,,0,
DATAFLOW,OECD.STI.PIE:DSD_PATENTS@DF_PATENTS_OECDSPECIFIC(1.0),,I,US50,,A,,AP,,PATN,,PRIORITY,,ARE,,_Z,,INVENTOR,,_Z,,_Z,,_T,,2022,,164.94,,A,,1,,0,
DATAFLOW,OECD.STI.PIE:DSD_PATENTS@DF_PATENTS_OECDSPECIFIC(1.0),,I,US50,,A,,AP,,PATN,,PRIORITY,,CHL,,_Z,,INVENTOR,,_Z,,_Z,,_T,,2022,,62.342899,,A,,1,,0,
DATAFLOW,OECD.STI.PIE:DSD_PATENTS@DF_PATENTS_OECDSPECIFIC(1.0),,I,US50,,A,,AP,,PATN,,PRIORITY,,SVN,,_Z,,INVENTOR,,_Z,,_Z,,_T,,2022,,86.296799,,A,,1,,0,
DATAFLOW,OECD.STI.PIE:DSD_PATENTS@DF_PATENTS_OECDSPECIFIC(1.0),,I,US50,,A,,AP,,PATN,,PRIORITY,,CAN,,_Z,,INVENTOR,,_Z,,_Z,,_T,,2022,,5495.8433,,A,,1,,0,
DATAFLOW,OECD.STI.PIE:DSD_PATENTS@DF_PATENTS_OECDSPECIFIC(1.0),,I,US50,,A,,AP,,PATN,,PRIORITY,,LKA,,_Z,,INVENTOR,,_Z,,_Z,,_T,,2022,,9.5832996,,A,,1,,0,
DATAFLOW,OECD.STI.PIE:DSD_PATENTS@DF_PATENTS_OECDSPECIFIC(1.0),,I,US50,,A,,AP,,PATN,,PRIORITY,,COL,,_Z,,INVENTOR,,_Z,,_Z,,_T,,2022,,33.098301,,A,,1,,0,
DATAFLOW,OECD.STI.PIE:DSD_PATENTS@DF_PATENTS_OECDSPECIFIC(1.0),,I,US50,,A,,AP,,PATN,,PRIORITY,,FRA,,_Z,,INVENTOR,,_Z,,_Z,,_T,,2022,,3966.7168,,A,,1,,0,
DATAFLOW,OECD.STI.PIE:DSD_PATENTS@DF_PATENTS_OECDSPECIFIC(1.0),,I,US50,,A,,AP,,PATN,,PRIORITY,,MKD,,_Z,,INVENTOR,,_Z,,_Z,,_T,,2022,,1.9658999,,A,,1,,0,
DATAFLOW,OECD.STI.PIE:DSD_PATENTS@DF_PATENTS_OECDSPECIFIC(1.0),,I,US50,,A,,AP,,PATN,,PRIORITY,,GRC,,_Z,,INVENTOR,,_Z,,_Z,,_T,,2022,,174.11749,,A,,1,,0,
DATAFLOW,OECD.STI.PIE:DSD_PATENTS@DF_PATENTS_OECDSPECIFIC(1.0),,I,US50,,A,,AP,,PATN,,PRIORITY,,PAK,,_Z,,INVENTOR,,_Z,,_Z,,_T,,2022,,19.4625,,A,,1,,0,
DATAFLOW,OECD.STI.PIE:DSD_PATENTS@DF_PATENTS_OECDSPECIFIC(1.0),,I,US50,,A,,AP,,PATN,,PRIORITY,,DEU,,_Z,,INVENTOR,,_Z,,_Z,,_T,,2022,,11926.662,,A,,1,,0,
DATAFLOW,OECD.STI.PIE:DSD_PATENTS@DF_PATENTS_OECDSPECIFIC(1.0),,I,US50,,A,,AP,,PATN,,PRIORITY,,HUN,,_Z,,INVENTOR,,_Z,,_Z,,_T,,2022,,115.8079,,A,,1,,0,
DATAFLOW,OECD.STI.PIE:DSD_PATENTS@DF_PATENTS_OECDSPECIFIC(1.0),,I,US50,,A,,AP,,PATN,,PRIORITY,,NZL,,_Z,,INVENTOR,,_Z,,_Z,,_T,,2022,,130.5623,,A,,1,,0,
DATAFLOW,OECD.STI.PIE:DSD_PATENTS@DF_PATENTS_OECDSPECIFIC(1.0),,I,US50,,A,,AP,,PATN,,PRIORITY,,ESP,,_Z,,INVENTOR,,_Z,,_Z,,_T,,2022,,815.4469,,A,,1,,0,
DATAFLOW,OECD.STI.PIE:DSD_PATENTS@DF_PATENTS_OECDSPECIFIC(1.0),,I,US50,,A,,AP,,PATN,,PRIORITY,,THA,,_Z,,INVENTOR,,_Z,,_Z,,_T,,2022,,60.6119,,A,,1,,0,
DATAFLOW,OECD.STI.PIE:DSD_PATENTS@DF_PATENTS_OECDSPECIFIC(1.0),,I,US50,,A,,AP,,PATN,,PRIORITY,,UKR,,_Z,,INVENTOR,,_Z,,_Z,,_T,,2022,,99.953201,,A,,1,,0,
DATAFLOW,OECD.STI.PIE:DSD_PATENTS@DF_PATENTS_OECDSPECIFIC(1.0),,I,US50,,A,,AP,,PATN,,PRIORITY,,MDA,,_Z,,INVENTOR,,_Z,,_Z,,_T,,2022,,0.91670001,,A,,1,,0,
DATAFLOW,OECD.STI.PIE:DSD_PATENTS@DF_PATENTS_OECDSPECIFIC(1.0),,I,US50,,A,,AP,,PATN,,PRIORITY,,SYC,,_Z,,INVENTOR,,_Z,,_Z,,_T,,2022,,2.9166999,,A,,1,,0,
DATAFLOW,OECD.STI.PIE:DSD_PATENTS@DF_PATENTS_OECDSPECIFIC(1.0),,I,US50,,A,,AP,,PATN,,PRIORITY,,RUS,,_Z,,INVENTOR,,_Z,,_Z,,_T,,2022,,316.9715,,A,,1,,0,
DATAFLOW,OECD.STI.PIE:DSD_PATENTS@DF_PATENTS_OECDSPECIFIC(1.0),,I,US50,,A,,AP,,PATN,,PRIORITY,,TTO,,_Z,,INVENTOR,,_Z,,_Z,,_T,,2022,,4.1666999,,A,,1,,0,
DATAFLOW,OECD.STI.PIE:DSD_PATENTS@DF_PATENTS_OECDSPECIFIC(1.0),,I,US50,,A,,AP,,PATN,,PRIORITY,,PRI,,_Z,,INVENTOR,,_Z,,_Z,,_T,,2022,,4.3428998,,A,,1,,0,
DATAFLOW,OECD.STI.PIE:DSD_PATENTS@DF_PATENTS_OECDSPECIFIC(1.0),,I,US50,,A,,AP,,PATN,,PRIORITY,,ROU,,_Z,,INVENTOR,,_Z,,_Z,,_T,,2022,,126.3424,,A,,1,,0,
DATAFLOW,OECD.STI.PIE:DSD_PATENTS@DF_PATENTS_OECDSPECIFIC(1.0),,I,US50,,A,,AP,,PATN,,PRIORITY,,MCO,,_Z,,INVENTOR,,_Z,,_Z,,_T,,2022,,17.200001,,A,,1,,0,
DATAFLOW,OECD.STI.PIE:DSD_PATENTS@DF_PATENTS_OECDSPECIFIC(1.0),,I,US50,,A,,AP,,PATN,,PRIORITY,,KWT,,_Z,,INVENTOR,,_Z,,_Z,,_T,,2022,,10.7857,,A,,1,,0,
DATAFLOW,OECD.STI.PIE:DSD_PATENTS@DF_PATENTS_OECDSPECIFIC(1.0),,I,US50,,A,,AP,,PATN,,PRIORITY,,AUS,,_Z,,INVENTOR,,_Z,,_Z,,_T,,2022,,886.33258,,A,,1,,0,
DATAFLOW,OECD.STI.PIE:DSD_PATENTS@DF_PATENTS_OECDSPECIFIC(1.0),,I,US50,,A,,AP,,PATN,,PRIORITY,,GBR,,_Z,,INVENTOR,,_Z,,_Z,,_T,,2022,,4829.5254,,A,,1,,0,
DATAFLOW,OECD.STI.PIE:DSD_PATENTS@DF_PATENTS_OECDSPECIFIC(1.0),,I,US50,,A,,AP,,PATN,,PRIORITY,,JOR,,_Z,,INVENTOR,,_Z,,_Z,,_T,,2022,,10.8429,,A,,1,,0,
DATAFLOW,OECD.STI.PIE:DSD_PATENTS@DF_PATENTS_OECDSPECIFIC(1.0),,I,US50,,A,,AP,,PATN,,PRIORITY,,NOR,,_Z,,INVENTOR,,_Z,,_Z,,_T,,2022,,364.09839,,A,,1,,0,
DATAFLOW,OECD.STI.PIE:DSD_PATENTS@DF_PATENTS_OECDSPECIFIC(1.0),,I,US50,,A,,AP,,PATN,,PRIORITY,,LTU,,_Z,,INVENTOR,,_Z,,_Z,,_T,,2022,,194.175,,A,,1,,0,
DATAFLOW,OECD.STI.PIE:DSD_PATENTS@DF_PATENTS_OECDSPECIFIC(1.0),,I,US50,,A,,AP,,PATN,,PRIORITY,,NLD,,_Z,,INVENTOR,,_Z,,_Z,,_T,,2022,,1480.5981,,A,,1,,0,
DATAFLOW,OECD.STI.PIE:DSD_PATENTS@DF_PATENTS_OECDSPECIFIC(1.0),,I,US50,,A,,AP,,PATN,,PRIORITY,,BGR,,_Z,,INVENTOR,,_Z,,_Z,,_T,,2022,,82.039001,,A,,1,,0,
DATAFLOW,OECD.STI.PIE:DSD_PATENTS@DF_PATENTS_OECDSPECIFIC(1.0),,I,US50,,A,,AP,,PATN,,PRIORITY,,IND,,_Z,,INVENTOR,,_Z,,_Z,,_T,,2022,,7895.311,,A,,1,,0,
DATAFLOW,OECD.STI.PIE:DSD_PATENTS@DF_PATENTS_OECDSPECIFIC(1.0),,I,US50,,A,,AP,,PATN,,PRIORITY,,VEN,,_Z,,INVENTOR,,_Z,,_Z,,_T,,2022,,1.1667,,A,,1,,0,
DATAFLOW,OECD.STI.PIE:DSD_PATENTS@DF_PATENTS_OECDSPECIFIC(1.0),,I,US50,,A,,AP,,PATN,,PRIORITY,,CYM,,_Z,,INVENTOR,,_Z,,_Z,,_T,,2022,,7.6943998,,A,,1,,0,
DATAFLOW,OECD.STI.PIE:DSD_PATENTS@DF_PATENTS_OECDSPECIFIC(1.0),,I,US50,,A,,AP,,PATN,,PRIORITY,,IDN,,_Z,,INVENTOR,,_Z,,_Z,,_T,,2022,,8.8129997,,A,,1,,0,
DATAFLOW,OECD.STI.PIE:DSD_PATENTS@DF_PATENTS_OECDSPECIFIC(1.0),,I,US50,,A,,AP,,PATN,,PRIORITY,,JAM,,_Z,,INVENTOR,,_Z,,_Z,,_T,,2022,,2.5,,A,,1,,0,
DATAFLOW,OECD.STI.PIE:DSD_PATENTS@DF_PATENTS_OECDSPECIFIC(1.0),,I,US50,,A,,AP,,PATN,,PRIORITY,,ZAF,,_Z,,INVENTOR,,_Z,,_Z,,_T,,2022,,66.2742,,A,,1,,0,
DATAFLOW,OECD.STI.PIE:DSD_PATENTS@DF_PATENTS_OECDSPECIFIC(1.0),,I,US50,,A,,AP,,PATN,,PRIORITY,,BRA,,_Z,,INVENTOR,,_Z,,_Z,,_T,,2022,,511.62741,,A,,1,,0,
DATAFLOW,OECD.STI.PIE:DSD_PATENTS@DF_PATENTS_OECDSPECIFIC(1.0),,I,US50,,A,,AP,,PATN,,PRIORITY,,PAN,,_Z,,INVENTOR,,_Z,,_Z,,_T,,2022,,3.8666999,,A,,1,,0,
DATAFLOW,OECD.STI.PIE:DSD_PATENTS@DF_PATENTS_OECDSPECIFIC(1.0),,I,US50,,A,,AP,,PATN,,PRIORITY,,BMU,,_Z,,INVENTOR,,_Z,,_Z,,_T,,2022,,3.8666999,,A,,1,,0,
DATAFLOW,OECD.STI.PIE:DSD_PATENTS@DF_PATENTS_OECDSPECIFIC(1.0),,I,US50,,A,,AP,,PATN,,PRIORITY,,UZB,,_Z,,INVENTOR,,_Z,,_Z,,_T,,2022,,0.66670001,,A,,1,,0,
DATAFLOW,OECD.STI.PIE:DSD_PATENTS@DF_PATENTS_OECDSPECIFIC(1.0),,I,US50,,A,,AP,,PATN,,PRIORITY,,LVA,,_Z,,INVENTOR,,_Z,,_Z,,_T,,2022,,20.1429,,A,,1,,0,
DATAFLOW,OECD.STI.PIE:DSD_PATENTS@DF_PATENTS_OECDSPECIFIC(1.0),,I,US50,,A,,AP,,PATN,,PRIORITY,,ISR,,_Z,,INVENTOR,,_Z,,_Z,,_T,,2022,,3722.9917,,A,,1,,0,
DATAFLOW,OECD.STI.PIE:DSD_PATENTS@DF_PATENTS_OECDSPECIFIC(1.0),,I,US50,,A,,AP,,PATN,,PRIORITY,,TUR,,_Z,,INVENTOR,,_Z,,_Z,,_T,,2022,,224.6492,,A,,1,,0,
DATAFLOW,OECD.STI.PIE:DSD_PATENTS@DF_PATENTS_OECDSPECIFIC(1.0),,I,US50,,A,,AP,,PATN,,PRIORITY,,EU27_2020,,_Z,,INVENTOR,,_Z,,_Z,,_T,,2022,,28529.418,,A,,1,,0,
DATAFLOW,OECD.STI.PIE:DSD_PATENTS@DF_PATENTS_OECDSPECIFIC(1.0),,I,US50,,A,,AP,,PATN,,PRIORITY,,ISL,,_Z,,INVENTOR,,_Z,,_Z,,_T,,2022,,26.444901,,A,,1,,0,
DATAFLOW,OECD.STI.PIE:DSD_PATENTS@DF_PATENTS_OECDSPECIFIC(1.0),,I,US50,,A,,AP,,PATN,,PRIORITY,,URY,,_Z,,INVENTOR,,_Z,,_Z,,_T,,2022,,13.619,,A,,1,,0,
DATAFLOW,OECD.STI.PIE:DSD_PATENTS@DF_PATENTS_OECDSPECIFIC(1.0),,I,US50,,A,,AP,,PATN,,PRIORITY,,MLT,,_Z,,INVENTOR,,_Z,,_Z,,_T,,2022,,17.926201,,A,,1,,0,
DATAFLOW,OECD.STI.PIE:DSD_PATENTS@DF_PATENTS_OECDSPECIFIC(1.0),,I,US50,,A,,AP,,PATN,,PRIORITY,,KAZ,,_Z,,INVENTOR,,_Z,,_Z,,_T,,2022,,5.1999998,,A,,1,,0,
DATAFLOW,OECD.STI.PIE:DSD_PATENTS@DF_PATENTS_OECDSPECIFIC(1.0),,I,US50,,A,,AP,,PATN,,PRIORITY,,EST,,_Z,,INVENTOR,,_Z,,_Z,,_T,,2022,,29.128799,,A,,1,,0,
DATAFLOW,OECD.STI.PIE:DSD_PATENTS@DF_PATENTS_OECDSPECIFIC(1.0),,I,US50,,A,,AP,,PATN,,PRIORITY,,TWN,,_Z,,INVENTOR,,_Z,,_Z,,_T,,2022,,13744.08,,A,,1,,0,
DATAFLOW,OECD.STI.PIE:DSD_PATENTS@DF_PATENTS_OECDSPECIFIC(1.0),,I,US50,,A,,AP,,PATN,,PRIORITY,,MAR,,_Z,,INVENTOR,,_Z,,_Z,,_T,,2022,,6.4095001,,A,,1,,0,
DATAFLOW,OECD.STI.PIE:DSD_PATENTS@DF_PATENTS_OECDSPECIFIC(1.0),,I,US50,,A,,AP,,PATN,,PRIORITY,,CUB,,_Z,,INVENTOR,,_Z,,_Z,,_T,,2022,,1.75,,A,,1,,0,
DATAFLOW,OECD.STI.PIE:DSD_PATENTS@DF_PATENTS_OECDSPECIFIC(1.0),,I,US50,,A,,AP,,PATN,,PRIORITY,,AUT,,_Z,,INVENTOR,,_Z,,_Z,,_T,,2022,,954.14008,,A,,1,,0,
DATAFLOW,OECD.STI.PIE:DSD_PATENTS@DF_PATENTS_OECDSPECIFIC(1.0),,I,US50,,A,,AP,,PATN,,PRIORITY,,HRV,,_Z,,INVENTOR,,_Z,,_Z,,_T,,2022,,46.230598,,A,,1,,0,
DATAFLOW,OECD.STI.PIE:DSD_PATENTS@DF_PATENTS_OECDSPECIFIC(1.0),,I,US50,,A,,AP,,PATN,,PRIORITY,,CHE,,_Z,,INVENTOR,,_Z,,_Z,,_T,,2022,,1974.0319,,A,,1,,0,
DATAFLOW,OECD.STI.PIE:DSD_PATENTS@DF_PATENTS_OECDSPECIFIC(1.0),,I,US50,,A,,AP,,PATN,,PRIORITY,,LBN,,_Z,,INVENTOR,,_Z,,_Z,,_T,,2022,,6.9833002,,A,,1,,0,
DATAFLOW,OECD.STI.PIE:DSD_PATENTS@DF_PATENTS_OECDSPECIFIC(1.0),,I,US50,,A,,AP,,PATN,,PRIORITY,,GEO,,_Z,,INVENTOR,,_Z,,_Z,,_T,,2022,,4.4643002,,A,,1,,0,
DATAFLOW,OECD.STI.PIE:DSD_PATENTS@DF_PATENTS_OECDSPECIFIC(1.0),,I,US50,,A,,AP,,PATN,,PRIORITY,,ITA,,_Z,,INVENTOR,,_Z,,_Z,,_T,,2022,,2301.9023,,A,,1,,0,
DATAFLOW,OECD.STI.PIE:DSD_PATENTS@DF_PATENTS_OECDSPECIFIC(1.0),,I,US50,,A,,AP,,PATN,,PRIORITY,,SWE,,_Z,,INVENTOR,,_Z,,_Z,,_T,,2022,,1818.1729,,A,,1,,0,
DATAFLOW,OECD.STI.PIE:DSD_PATENTS@DF_PATENTS_OECDSPECIFIC(1.0),,I,US50,,A,,AP,,PATN,,PRIORITY,,CRI,,_Z,,INVENTOR,,_Z,,_Z,,_T,,2022,,28.8302,,A,,1,,0,
DATAFLOW,OECD.STI.PIE:DSD_PATENTS@DF_PATENTS_OECDSPECIFIC(1.0),,I,US50,,A,,AP,,PATN,,PRIORITY,,AND,,_Z,,INVENTOR,,_Z,,_Z,,_T,,2022,,1,,A,,1,,0,
DATAFLOW,OECD.STI.PIE:DSD_PATENTS@DF_PATENTS_OECDSPECIFIC(1.0),,I,9P50_3,,A,,PF,,PATN_FM,,PRIORITY,,TTO,,_Z,,INVENTOR,,_Z,,_Z,,_T,,2022,,0,,A,,1,,0,
DATAFLOW,OECD.STI.PIE:DSD_PATENTS@DF_PATENTS_OECDSPECIFIC(1.0),,I,9P50_3,,A,,PF,,PATN_FM,,PRIORITY,,UZB,,_Z,,INVENTOR,,_Z,,_Z,,_T,,2022,,0,,A,,1,,0,
DATAFLOW,OECD.STI.PIE:DSD_PATENTS@DF_PATENTS_OECDSPECIFIC(1.0),,I,9P50_3,,A,,PF,,PATN_FM,,PRIORITY,,SLV,,_Z,,INVENTOR,,_Z,,_Z,,_T,,2022,,0,,A,,1,,0,
DATAFLOW,OECD.STI.PIE:DSD_PATENTS@DF_PATENTS_OECDSPECIFIC(1.0),,I,9P50_3,,A,,PF,,PATN_FM,,PRIORITY,,KWT,,_Z,,INVENTOR,,_Z,,_Z,,_T,,2022,,0,,A,,1,,0,
DATAFLOW,OECD.STI.PIE:DSD_PATENTS@DF_PATENTS_OECDSPECIFIC(1.0),,I,9P50_3,,A,,PF,,PATN_FM,,PRIORITY,,ZWE,,_Z,,INVENTOR,,_Z,,_Z,,_T,,2022,,0,,A,,1,,0,
DATAFLOW,OECD.STI.PIE:DSD_PATENTS@DF_PATENTS_OECDSPECIFIC(1.0),,I,9P50_3,,A,,PF,,PATN_FM,,PRIORITY,,YUG_F,,_Z,,INVENTOR,,_Z,,_Z,,_T,,2022,,0,,A,,1,,0,
DATAFLOW,OECD.STI.PIE:DSD_PATENTS@DF_PATENTS_OECDSPECIFIC(1.0),,I,9P50_3,,A,,PF,,PATN_FM,,PRIORITY,,BMU,,_Z,,INVENTOR,,_Z,,_Z,,_T,,2022,,1,,A,,1,,0,
DATAFLOW,OECD.STI.PIE:DSD_PATENTS@DF_PATENTS_OECDSPECIFIC(1.0),,I,9P50_3,,A,,PF,,PATN_FM,,PRIORITY,,JAM,,_Z,,INVENTOR,,_Z,,_Z,,_T,,2022,,1,,A,,1,,0,
DATAFLOW,OECD.STI.PIE:DSD_PATENTS@DF_PATENTS_OECDSPECIFIC(1.0),,I,9P50_3,,A,,PF,,PATN_FM,,PRIORITY,,SYC,,_Z,,INVENTOR,,_Z,,_Z,,_T,,2022,,1,,A,,1,,0,
DATAFLOW,OECD.STI.PIE:DSD_PATENTS@DF_PATENTS_OECDSPECIFIC(1.0),,I,9P50_3,,A,,PF,,PATN_FM,,PRIORITY,,CYM,,_Z,,INVENTOR,,_Z,,_Z,,_T,,2022,,8.7777996,,A,,1,,0,
DATAFLOW,OECD.STI.PIE:DSD_PATENTS@DF_PATENTS_OECDSPECIFIC(1.0),,I,9P50_3,,A,,PF,,PATN_FM,,PRIORITY,,SVN,,_Z,,INVENTOR,,_Z,,_Z,,_T,,2022,,118.1179,,A,,1,,0,
DATAFLOW,OECD.STI.PIE:DSD_PATENTS@DF_PATENTS_OECDSPECIFIC(1.0),,I,9P50_3,,A,,PF,,PATN_FM,,PRIORITY,,ROU,,_Z,,INVENTOR,,_Z,,_Z,,_T,,2022,,90.211601,,A,,1,,0,
DATAFLOW,OECD.STI.PIE:DSD_PATENTS@DF_PATENTS_OECDSPECIFIC(1.0),,I,9P50_3,,A,,PF,,PATN_FM,,PRIORITY,,MEX,,_Z,,INVENTOR,,_Z,,_Z,,_T,,2022,,171.0715,,A,,1,,0,
DATAFLOW,OECD.STI.PIE:DSD_PATENTS@DF_PATENTS_OECDSPECIFIC(1.0),,I,9P50_3,,A,,PF,,PATN_FM,,PRIORITY,,ISL,,_Z,,INVENTOR,,_Z,,_Z,,_T,,2022,,23.0734,,A,,1,,0,
DATAFLOW,OECD.STI.PIE:DSD_PATENTS@DF_PATENTS_OECDSPECIFIC(1.0),,I,9P50_3,,A,,PF,,PATN_FM,,PRIORITY,,BGR,,_Z,,INVENTOR,,_Z,,_Z,,_T,,2022,,30.279301,,A,,1,,0,
DATAFLOW,OECD.STI.PIE:DSD_PATENTS@DF_PATENTS_OECDSPECIFIC(1.0),,I,9P50_3,,A,,PF,,PATN_FM,,PRIORITY,,VEN,,_Z,,INVENTOR,,_Z,,_Z,,_T,,2022,,2.6166999,,A,,1,,0,
DATAFLOW,OECD.STI.PIE:DSD_PATENTS@DF_PATENTS_OECDSPECIFIC(1.0),,I,9P50_3,,A,,PF,,PATN_FM,,PRIORITY,,JOR,,_Z,,INVENTOR,,_Z,,_Z,,_T,,2022,,6.3167,,A,,1,,0,
DATAFLOW,OECD.STI.PIE:DSD_PATENTS@DF_PATENTS_OECDSPECIFIC(1.0),,I,9P50_3,,A,,PF,,PATN_FM,,PRIORITY,,PER,,_Z,,INVENTOR,,_Z,,_Z,,_T,,2022,,4.4956999,,A,,1,,0,
DATAFLOW,OECD.STI.PIE:DSD_PATENTS@DF_PATENTS_OECDSPECIFIC(1.0),,I,9P50_3,,A,,PF,,PATN_FM,,PRIORITY,,TUR,,_Z,,INVENTOR,,_Z,,_Z,,_T,,2022,,254.09599,,A,,1,,0,
DATAFLOW,OECD.STI.PIE:DSD_PATENTS@DF_PATENTS_OECDSPECIFIC(1.0),,I,9P50_3,,A,,PF,,PATN_FM,,PRIORITY,,ITA,,_Z,,INVENTOR,,_Z,,_Z,,_T,,2022,,4280.2822,,A,,1,,0,
DATAFLOW,OECD.STI.PIE:DSD_PATENTS@DF_PATENTS_OECDSPECIFIC(1.0),,I,9P50_3,,A,,PF,,PATN_FM,,PRIORITY,,IDN,,_Z,,INVENTOR,,_Z,,_Z,,_T,,2022,,25.3482,,A,,1,,0,
DATAFLOW,OECD.STI.PIE:DSD_PATENTS@DF_PATENTS_OECDSPECIFIC(1.0),,I,9P50_3,,A,,PF,,PATN_FM,,PRIORITY,,PRT,,_Z,,INVENTOR,,_Z,,_Z,,_T,,2022,,152.5432,,A,,1,,0,
DATAFLOW,OECD.STI.PIE:DSD_PATENTS@DF_PATENTS_OECDSPECIFIC(1.0),,I,9P50_3,,A,,PF,,PATN_FM,,PRIORITY,,AUS,,_Z,,INVENTOR,,_Z,,_Z,,_T,,2022,,929.86768,,A,,1,,0,
DATAFLOW,OECD.STI.PIE:DSD_PATENTS@DF_PATENTS_OECDSPECIFIC(1.0),,I,9P50_3,,A,,PF,,PATN_FM,,PRIORITY,,SGP,,_Z,,INVENTOR,,_Z,,_Z,,_T,,2022,,724.90833,,A,,1,,0,
DATAFLOW,OECD.STI.PIE:DSD_PATENTS@DF_PATENTS_OECDSPECIFIC(1.0),,I,9P50_3,,A,,PF,,PATN_FM,,PRIORITY,,MAR,,_Z,,INVENTOR,,_Z,,_Z,,_T,,2022,,30.903999,,A,,1,,0,
DATAFLOW,OECD.STI.PIE:DSD_PATENTS@DF_PATENTS_OECDSPECIFIC(1.0),,I,9P50_3,,A,,PF,,PATN_FM,,PRIORITY,,ARE,,_Z,,INVENTOR,,_Z,,_Z,,_T,,2022,,59.679298,,A,,1,,0,
DATAFLOW,OECD.STI.PIE:DSD_PATENTS@DF_PATENTS_OECDSPECIFIC(1.0),,I,9P50_3,,A,,PF,,PATN_FM,,PRIORITY,,IRN,,_Z,,INVENTOR,,_Z,,_Z,,_T,,2022,,21.3244,,A,,1,,0,
DATAFLOW,OECD.STI.PIE:DSD_PATENTS@DF_PATENTS_OECDSPECIFIC(1.0),,I,9P50_3,,A,,PF,,PATN_FM,,PRIORITY,,DNK,,_Z,,INVENTOR,,_Z,,_Z,,_T,,2022,,1280.5416,,A,,1,,0,
DATAFLOW,OECD.STI.PIE:DSD_PATENTS@DF_PATENTS_OECDSPECIFIC(1.0),,I,9P50_3,,A,,PF,,PATN_FM,,PRIORITY,,URY,,_Z,,INVENTOR,,_Z,,_Z,,_T,,2022,,9.9940004,,A,,1,,0,
DATAFLOW,OECD.STI.PIE:DSD_PATENTS@DF_PATENTS_OECDSPECIFIC(1.0),,I,9P50_3,,A,,PF,,PATN_FM,,PRIORITY,,PRK,,_Z,,INVENTOR,,_Z,,_Z,,_T,,2022,,0.39289999,,A,,1,,0,
DATAFLOW,OECD.STI.PIE:DSD_PATENTS@DF_PATENTS_OECDSPECIFIC(1.0),,I,9P50_3,,A,,PF,,PATN_FM,,PRIORITY,,EST,,_Z,,INVENTOR,,_Z,,_Z,,_T,,2022,,27.9911,,A,,1,,0,
DATAFLOW,OECD.STI.PIE:DSD_PATENTS@DF_PATENTS_OECDSPECIFIC(1.0),,I,9P50_3,,A,,PF,,PATN_FM,,PRIORITY,,MKD,,_Z,,INVENTOR,,_Z,,_Z,,_T,,2022,,2.0908999,,A,,1,,0,
DATAFLOW,OECD.STI.PIE:DSD_PATENTS@DF_PATENTS_OECDSPECIFIC(1.0),,I,9P50_3,,A,,PF,,PATN_FM,,PRIORITY,,DEU,,_Z,,INVENTOR,,_Z,,_Z,,_T,,2022,,21175.859,,A,,1,,0,
DATAFLOW,OECD.STI.PIE:DSD_PATENTS@DF_PATENTS_OECDSPECIFIC(1.0),,I,9P50_3,,A,,PF,,PATN_FM,,PRIORITY,,PHL,,_Z,,INVENTOR,,_Z,,_Z,,_T,,2022,,60.008701,,A,,1,,0,
DATAFLOW,OECD.STI.PIE:DSD_PATENTS@DF_PATENTS_OECDSPECIFIC(1.0),,I,9P50_3,,A,,PF,,PATN_FM,,PRIORITY,,ECU,,_Z,,INVENTOR,,_Z,,_Z,,_T,,2022,,1.4167,,A,,1,,0,
DATAFLOW,OECD.STI.PIE:DSD_PATENTS@DF_PATENTS_OECDSPECIFIC(1.0),,I,9P50_3,,A,,PF,,PATN_FM,,PRIORITY,,COL,,_Z,,INVENTOR,,_Z,,_Z,,_T,,2022,,27.797899,,A,,1,,0,
DATAFLOW,OECD.STI.PIE:DSD_PATENTS@DF_PATENTS_OECDSPECIFIC(1.0),,I,9P50_3,,A,,PF,,PATN_FM,,PRIORITY,,W,,_Z,,INVENTOR,,_Z,,_Z,,_T,,2022,,252898,,A,,1,,0,
DATAFLOW,OECD.STI.PIE:DSD_PATENTS@DF_PATENTS_OECDSPECIFIC(1.0),,I,9P50_3,,A,,PF,,PATN_FM,,PRIORITY,,NZL,,_Z,,INVENTOR,,_Z,,_Z,,_T,,2022,,136.6385,,A,,1,,0,
DATAFLOW,OECD.STI.PIE:DSD_PATENTS@DF_PATENTS_OECDSPECIFIC(1.0),,I,9P50_3,,A,,PF,,PATN_FM,,PRIORITY,,LIE,,_Z,,INVENTOR,,_Z,,_Z,,_T,,2022,,22.3025,,A,,1,,0,
DATAFLOW,OECD.STI.PIE:DSD_PATENTS@DF_PATENTS_OECDSPECIFIC(1.0),,I,9P50_3,,A,,PF,,PATN_FM,,PRIORITY,,BRA,,_Z,,INVENTOR,,_Z,,_Z,,_T,,2022,,329.56381,,A,,1,,0,
DATAFLOW,OECD.STI.PIE:DSD_PATENTS@DF_PATENTS_OECDSPECIFIC(1.0),,I,9P50_3,,A,,PF,,PATN_FM,,PRIORITY,,NLD,,_Z,,INVENTOR,,_Z,,_Z,,_T,,2022,,3143.3779,,A,,1,,0,
DATAFLOW,OECD.STI.PIE:DSD_PATENTS@DF_PATENTS_OECDSPECIFIC(1.0),,I,9P50_3,,A,,PF,,PATN_FM,,PRIORITY,,BEL,,_Z,,INVENTOR,,_Z,,_Z,,_T,,2022,,1323.2981,,A,,1,,0,
DATAFLOW,OECD.STI.PIE:DSD_PATENTS@DF_PATENTS_OECDSPECIFIC(1.0),,I,9P50_3,,A,,PF,,PATN_FM,,PRIORITY,,MYS,,_Z,,INVENTOR,,_Z,,_Z,,_T,,2022,,154.2437,,A,,1,,0,
DATAFLOW,OECD.STI.PIE:DSD_PATENTS@DF_PATENTS_OECDSPECIFIC(1.0),,I,9P50_3,,A,,PF,,PATN_FM,,PRIORITY,,UKR,,_Z,,INVENTOR,,_Z,,_Z,,_T,,2022,,66.260002,,A,,1,,0,
DATAFLOW,OECD.STI.PIE:DSD_PATENTS@DF_PATENTS_OECDSPECIFIC(1.0),,I,9P50_3,,A,,PF,,PATN_FM,,PRIORITY,,CRI,,_Z,,INVENTOR,,_Z,,_Z,,_T,,2022,,16.8479,,A,,1,,0,
DATAFLOW,OECD.STI.PIE:DSD_PATENTS@DF_PATENTS_OECDSPECIFIC(1.0),,I,9P50_3,,A,,PF,,PATN_FM,,PRIORITY,,RUS,,_Z,,INVENTOR,,_Z,,_Z,,_T,,2022,,181.6778,,A,,1,,0,
DATAFLOW,OECD.STI.PIE:DSD_PATENTS@DF_PATENTS_OECDSPECIFIC(1.0),,I,9P50_3,,A,,PF,,PATN_FM,,PRIORITY,,HUN,,_Z,,INVENTOR,,_Z,,_Z,,_T,,2022,,194.2484,,A,,1,,0,
DATAFLOW,OECD.STI.PIE:DSD_PATENTS@DF_PATENTS_OECDSPECIFIC(1.0),,I,9P50_3,,A,,PF,,PATN_FM,,PRIORITY,,ESP,,_Z,,INVENTOR,,_Z,,_Z,,_T,,2022,,1213.5959,,A,,1,,0,
DATAFLOW,OECD.STI.PIE:DSD_PATENTS@DF_PATENTS_OECDSPECIFIC(1.0),,I,9P50_3,,A,,PF,,PATN_FM,,PRIORITY,,OECD,,_Z,,INVENTOR,,_Z,,_Z,,_T,,2022,,191050.17,,A,,1,,0,
DATAFLOW,OECD.STI.PIE:DSD_PATENTS@DF_PATENTS_OECDSPECIFIC(1.0),,I,9P50_3,,A,,PF,,PATN_FM,,PRIORITY,,TWN,,_Z,,INVENTOR,,_Z,,_Z,,_T,,2022,,10696.626,,A,,1,,0,
DATAFLOW,OECD.STI.PIE:DSD_PATENTS@DF_PATENTS_OECDSPECIFIC(1.0),,I,9P50_3,,A,,PF,,PATN_FM,,PRIORITY,,ARM,,_Z,,INVENTOR,,_Z,,_Z,,_T,,2022,,5.5833001,,A,,1,,0,
DATAFLOW,OECD.STI.PIE:DSD_PATENTS@DF_PATENTS_OECDSPECIFIC(1.0),,I,9P50_3,,A,,PF,,PATN_FM,,PRIORITY,,MLT,,_Z,,INVENTOR,,_Z,,_Z,,_T,,2022,,18.988701,,A,,1,,0,
DATAFLOW,OECD.STI.PIE:DSD_PATENTS@DF_PATENTS_OECDSPECIFIC(1.0),,I,9P50_3,,A,,PF,,PATN_FM,,PRIORITY,,BIH,,_Z,,INVENTOR,,_Z,,_Z,,_T,,2022,,1.9111,,A,,1,,0,
DATAFLOW,OECD.STI.PIE:DSD_PATENTS@DF_PATENTS_OECDSPECIFIC(1.0),,I,9P50_3,,A,,PF,,PATN_FM,,PRIORITY,,THA,,_Z,,INVENTOR,,_Z,,_Z,,_T,,2022,,66.376198,,A,,1,,0,
DATAFLOW,OECD.STI.PIE:DSD_PATENTS@DF_PATENTS_OECDSPECIFIC(1.0),,I,9P50_3,,A,,PF,,PATN_FM,,PRIORITY,,ZAF,,_Z,,INVENTOR,,_Z,,_Z,,_T,,2022,,77.751602,,A,,1,,0,
DATAFLOW,OECD.STI.PIE:DSD_PATENTS@DF_PATENTS_OECDSPECIFIC(1.0),,I,9P50_3,,A,,PF,,PATN_FM,,PRIORITY,,PRI,,_Z,,INVENTOR,,_Z,,_Z,,_T,,2022,,2.6761999,,A,,1,,0,
DATAFLOW,OECD.STI.PIE:DSD_PATENTS@DF_PATENTS_OECDSPECIFIC(1.0),,I,9P50_3,,A,,PF,,PATN_FM,,PRIORITY,,ISR,,_Z,,INVENTOR,,_Z,,_Z,,_T,,2022,,1812.9208,,A,,1,,0,
DATAFLOW,OECD.STI.PIE:DSD_PATENTS@DF_PATENTS_OECDSPECIFIC(1.0),,I,9P50_3,,A,,PF,,PATN_FM,,PRIORITY,,SVK,,_Z,,INVENTOR,,_Z,,_Z,,_T,,2022,,65.039703,,A,,1,,0,
DATAFLOW,OECD.STI.PIE:DSD_PATENTS@DF_PATENTS_OECDSPECIFIC(1.0),,I,9P50_3,,A,,PF,,PATN_FM,,PRIORITY,,CYP,,_Z,,INVENTOR,,_Z,,_Z,,_T,,2022,,15.7333,,A,,1,,0,
DATAFLOW,OECD.STI.PIE:DSD_PATENTS@DF_PATENTS_OECDSPECIFIC(1.0),,I,9P50_3,,A,,PF,,PATN_FM,,PRIORITY,,GBR,,_Z,,INVENTOR,,_Z,,_Z,,_T,,2022,,5616.4209,,A,,1,,0,
DATAFLOW,OECD.STI.PIE:DSD_PATENTS@DF_PATENTS_OECDSPECIFIC(1.0),,I,9P50_3,,A,,PF,,PATN_FM,,PRIORITY,,SAU,,_Z,,INVENTOR,,_Z,,_Z,,_T,,2022,,243.5108,,A,,1,,0,
DATAFLOW,OECD.STI.PIE:DSD_PATENTS@DF_PATENTS_OECDSPECIFIC(1.0),,I,9P50_3,,A,,PF,,PATN_FM,,PRIORITY,,EGY,,_Z,,INVENTOR,,_Z,,_Z,,_T,,2022,,20.737301,,A,,1,,0,
DATAFLOW,OECD.STI.PIE:DSD_PATENTS@DF_PATENTS_OECDSPECIFIC(1.0),,I,9P50_3,,A,,PF,,PATN_FM,,PRIORITY,,GTM,,_Z,,INVENTOR,,_Z,,_Z,,_T,,2022,,1.1667,,A,,1,,0,
DATAFLOW,OECD.STI.PIE:DSD_PATENTS@DF_PATENTS_OECDSPECIFIC(1.0),,I,9P50_3,,A,,PF,,PATN_FM,,PRIORITY,,LBN,,_Z,,INVENTOR,,_Z,,_Z,,_T,,2022,,5.8639002,,A,,1,,0,
DATAFLOW,OECD.STI.PIE:DSD_PATENTS@DF_PATENTS_OECDSPECIFIC(1.0),,I,9P50_3,,A,,PF,,PATN_FM,,PRIORITY,,AUT,,_Z,,INVENTOR,,_Z,,_Z,,_T,,2022,,1674.0532,,A,,1,,0,
DATAFLOW,OECD.STI.PIE:DSD_PATENTS@DF_PATENTS_OECDSPECIFIC(1.0),,I,9P50_3,,A,,PF,,PATN_FM,,PRIORITY,,KOR,,_Z,,INVENTOR,,_Z,,_Z,,_T,,2022,,28544.801,,A,,1,,0,
DATAFLOW,OECD.STI.PIE:DSD_PATENTS@DF_PATENTS_OECDSPECIFIC(1.0),,I,9P50_3,,A,,PF,,PATN_FM,,PRIORITY,,ARG,,_Z,,INVENTOR,,_Z,,_Z,,_T,,2022,,41.214298,,A,,1,,0,
DATAFLOW,OECD.STI.PIE:DSD_PATENTS@DF_PATENTS_OECDSPECIFIC(1.0),,I,9P50_3,,A,,PF,,PATN_FM,,PRIORITY,,IND,,_Z,,INVENTOR,,_Z,,_Z,,_T,,2022,,3184.4167,,A,,1,,0,
DATAFLOW,OECD.STI.PIE:DSD_PATENTS@DF_PATENTS_OECDSPECIFIC(1.0),,I,9P50_3,,A,,PF,,PATN_FM,,PRIORITY,,CHE,,_Z,,INVENTOR,,_Z,,_Z,,_T,,2022,,2657.5422,,A,,1,,0,
DATAFLOW,OECD.STI.PIE:DSD_PATENTS@DF_PATENTS_OECDSPECIFIC(1.0),,I,9P50_3,,A,,PF,,PATN_FM,,PRIORITY,,FIN,,_Z,,INVENTOR,,_Z,,_Z,,_T,,2022,,1204.7211,,A,,1,,0,
DATAFLOW,OECD.STI.PIE:DSD_PATENTS@DF_PATENTS_OECDSPECIFIC(1.0),,I,9P50_3,,A,,PF,,PATN_FM,,PRIORITY,,LTU,,_Z,,INVENTOR,,_Z,,_Z,,_T,,2022,,42.400002,,A,,1,,0,
DATAFLOW,OECD.STI.PIE:DSD_PATENTS@DF_PATENTS_OECDSPECIFIC(1.0),,I,9P50_3,,A,,PF,,PATN_FM,,PRIORITY,,LKA,,_Z,,INVENTOR,,_Z,,_Z,,_T,,2022,,6.4443998,,A,,1,,0,
DATAFLOW,OECD.STI.PIE:DSD_PATENTS@DF_PATENTS_OECDSPECIFIC(1.0),,I,9P50_3,,A,,PF,,PATN_FM,,PRIORITY,,EU27_2020,,_Z,,INVENTOR,,_Z,,_Z,,_T,,2022,,47796.527,,A,,1,,0,
DATAFLOW,OECD.STI.PIE:DSD_PATENTS@DF_PATENTS_OECDSPECIFIC(1.0),,I,9P50_3,,A,,PF,,PATN_FM,,PRIORITY,,TUN,,_Z,,INVENTOR,,_Z,,_Z,,_T,,2022,,11.1072,,A,,1,,0,
DATAFLOW,OECD.STI.PIE:DSD_PATENTS@DF_PATENTS_OECDSPECIFIC(1.0),,I,9P50_3,,A,,PF,,PATN_FM,,PRIORITY,,GEO,,_Z,,INVENTOR,,_Z,,_Z,,_T,,2022,,2.6166999,,A,,1,,0,
DATAFLOW,OECD.STI.PIE:DSD_PATENTS@DF_PATENTS_OECDSPECIFIC(1.0),,I,9P50_3,,A,,PF,,PATN_FM,,PRIORITY,,CZE,,_Z,,INVENTOR,,_Z,,_Z,,_T,,2022,,273.4924,,A,,1,,0,
DATAFLOW,OECD.STI.PIE:DSD_PATENTS@DF_PATENTS_OECDSPECIFIC(1.0),,I,9P50_3,,A,,PF,,PATN_FM,,PRIORITY,,MNG,,_Z,,INVENTOR,,_Z,,_Z,,_T,,2022,,0.43329999,,A,,1,,0,
DATAFLOW,OECD.STI.PIE:DSD_PATENTS@DF_PATENTS_OECDSPECIFIC(1.0),,I,9P50_3,,A,,PF,,PATN_FM,,PRIORITY,,GRC,,_Z,,INVENTOR,,_Z,,_Z,,_T,,2022,,148.4919,,A,,1,,0,
DATAFLOW,OECD.STI.PIE:DSD_PATENTS@DF_PATENTS_OECDSPECIFIC(1.0),,I,9P50_3,,A,,PF,,PATN_FM,,PRIORITY,,JPN,,_Z,,INVENTOR,,_Z,,_Z,,_T,,2022,,58495.207,,A,,1,,0,
DATAFLOW,OECD.STI.PIE:DSD_PATENTS@DF_PATENTS_OECDSPECIFIC(1.0),,I,9P50_3,,A,,PF,,PATN_FM,,PRIORITY,,DZA,,_Z,,INVENTOR,,_Z,,_Z,,_T,,2022,,3.9690001,,A,,1,,0,
DATAFLOW,OECD.STI.PIE:DSD_PATENTS@DF_PATENTS_OECDSPECIFIC(1.0),,I,9P50_3,,A,,PF,,PATN_FM,,PRIORITY,,IRL,,_Z,,INVENTOR,,_Z,,_Z,,_T,,2022,,396.5936,,A,,1,,0,
DATAFLOW,OECD.STI.PIE:DSD_PATENTS@DF_PATENTS_OECDSPECIFIC(1.0),,I,9P50_3,,A,,PF,,PATN_FM,,PRIORITY,,HRV,,_Z,,INVENTOR,,_Z,,_Z,,_T,,2022,,42.895199,,A,,1,,0,
DATAFLOW,OECD.STI.PIE:DSD_PATENTS@DF_PATENTS_OECDSPECIFIC(1.0),,I,9P50_3,,A,,PF,,PATN_FM,,PRIORITY,,MCO,,_Z,,INVENTOR,,_Z,,_Z,,_T,,2022,,12.0333,,A,,1,,0,
DATAFLOW,OECD.STI.PIE:DSD_PATENTS@DF_PATENTS_OECDSPECIFIC(1.0),,I,9P50_3,,A,,PF,,PATN_FM,,PRIORITY,,DJI,,_Z,,INVENTOR,,_Z,,_Z,,_T,,2022,,0.83329999,,A,,1,,0,
DATAFLOW,OECD.STI.PIE:DSD_PATENTS@DF_PATENTS_OECDSPECIFIC(1.0),,I,9P50_3,,A,,PF,,PATN_FM,,PRIORITY,,KEN,,_Z,,INVENTOR,,_Z,,_Z,,_T,,2022,,0.44440001,,A,,1,,0,
DATAFLOW,OECD.STI.PIE:DSD_PATENTS@DF_PATENTS_OECDSPECIFIC(1.0),,I,9P50_3,,A,,PF,,PATN_FM,,PRIORITY,,FRA,,_Z,,INVENTOR,,_Z,,_Z,,_T,,2022,,7905.7544,,A,,1,,0,
DATAFLOW,OECD.STI.PIE:DSD_PATENTS@DF_PATENTS_OECDSPECIFIC(1.0),,I,9P50_3,,A,,PF,,PATN_FM,,PRIORITY,,PAK,,_Z,,INVENTOR,,_Z,,_Z,,_T,,2022,,11.0857,,A,,1,,0,
DATAFLOW,OECD.STI.PIE:DSD_PATENTS@DF_PATENTS_OECDSPECIFIC(1.0),,I,9P50_3,,A,,PF,,PATN_FM,,PRIORITY,,KAZ,,_Z,,INVENTOR,,_Z,,_Z,,_T,,2022,,1.7361,,A,,1,,0,
DATAFLOW,OECD.STI.PIE:DSD_PATENTS@DF_PATENTS_OECDSPECIFIC(1.0),,I,9P50_3,,A,,PF,,PATN_FM,,PRIORITY,,BLR,,_Z,,INVENTOR,,_Z,,_Z,,_T,,2022,,8.5,,A,,1,,0,
DATAFLOW,OECD.STI.PIE:DSD_PATENTS@DF_PATENTS_OECDSPECIFIC(1.0),,I,9P50_3,,A,,PF,,PATN_FM,,PRIORITY,,NOR,,_Z,,INVENTOR,,_Z,,_Z,,_T,,2022,,536.25513,,A,,1,,0,
DATAFLOW,OECD.STI.PIE:DSD_PATENTS@DF_PATENTS_OECDSPECIFIC(1.0),,I,9P50_3,,A,,PF,,PATN_FM,,PRIORITY,,CHL,,_Z,,INVENTOR,,_Z,,_Z,,_T,,2022,,60.5298,,A,,1,,0,
DATAFLOW,OECD.STI.PIE:DSD_PATENTS@DF_PATENTS_OECDSPECIFIC(1.0),,I,9P50_3,,A,,PF,,PATN_FM,,PRIORITY,,POL,,_Z,,INVENTOR,,_Z,,_Z,,_T,,2022,,610.52222,,A,,1,,0,
DATAFLOW,OECD.STI.PIE:DSD_PATENTS@DF_PATENTS_OECDSPECIFIC(1.0),,I,9P50_3,,A,,PF,,PATN_FM,,PRIORITY,,LUX,,_Z,,INVENTOR,,_Z,,_Z,,_T,,2022,,82.4636,,A,,1,,0,
DATAFLOW,OECD.STI.PIE:DSD_PATENTS@DF_PATENTS_OECDSPECIFIC(1.0),,I,9P50_3,,A,,PF,,PATN_FM,,PRIORITY,,CAN,,_Z,,INVENTOR,,_Z,,_Z,,_T,,2022,,3155.3083,,A,,1,,0,
DATAFLOW,OECD.STI.PIE:DSD_PATENTS@DF_PATENTS_OECDSPECIFIC(1.0),,I,9P50_3,,A,,PF,,PATN_FM,,PRIORITY,,CHN,,_Z,,INVENTOR,,_Z,,_Z,,_T,,2022,,45150.695,,A,,1,,0,
DATAFLOW,OECD.STI.PIE:DSD_PATENTS@DF_PATENTS_OECDSPECIFIC(1.0),,I,9P50_3,,A,,PF,,PATN_FM,,PRIORITY,,PAN,,_Z,,INVENTOR,,_Z,,_Z,,_T,,2022,,1.125,,A,,1,,0,
DATAFLOW,OECD.STI.PIE:DSD_PATENTS@DF_PATENTS_OECDSPECIFIC(1.0),,I,9P50_3,,A,,PF,,PATN_FM,,PRIORITY,,HKG,,_Z,,INVENTOR,,_Z,,_Z,,_T,,2022,,240.1474,,A,,1,,0,
DATAFLOW,OECD.STI.PIE:DSD_PATENTS@DF_PATENTS_OECDSPECIFIC(1.0),,I,9P50_3,,A,,PF,,PATN_FM,,PRIORITY,,MDA,,_Z,,INVENTOR,,_Z,,_Z,,_T,,2022,,1.2083,,A,,1,,0,
DATAFLOW,OECD.STI.PIE:DSD_PATENTS@DF_PATENTS_OECDSPECIFIC(1.0),,I,9P50_3,,A,,PF,,PATN_FM,,PRIORITY,,NGA,,_Z,,INVENTOR,,_Z,,_Z,,_T,,2022,,0.79170001,,A,,1,,0,
DATAFLOW,OECD.STI.PIE:DSD_PATENTS@DF_PATENTS_OECDSPECIFIC(1.0),,I,9P50_3,,A,,PF,,PATN_FM,,PRIORITY,,USA,,_Z,,INVENTOR,,_Z,,_Z,,_T,,2022,,41013.379,,A,,1,,0,
DATAFLOW,OECD.STI.PIE:DSD_PATENTS@DF_PATENTS_OECDSPECIFIC(1.0),,I,9P50_3,,A,,PF,,PATN_FM,,PRIORITY,,SWE,,_Z,,INVENTOR,,_Z,,_Z,,_T,,2022,,2257.9431,,A,,1,,0,
DATAFLOW,OECD.STI.PIE:DSD_PATENTS@DF_PATENTS_OECDSPECIFIC(1.0),,I,9P50_3,,A,,PF,,PATN_FM,,PRIORITY,,CUB,,_Z,,INVENTOR,,_Z,,_Z,,_T,,2022,,4,,A,,1,,0,
DATAFLOW,OECD.STI.PIE:DSD_PATENTS@DF_PATENTS_OECDSPECIFIC(1.0),,I,9P50_3,,A,,PF,,PATN_FM,,PRIORITY,,LVA,,_Z,,INVENTOR,,_Z,,_Z,,_T,,2022,,27.0861,,A,,1,,0,
DATAFLOW,OECD.STI.PIE:DSD_PATENTS@DF_PATENTS_OECDSPECIFIC(1.0),,I,9P50_3,,A,,PF,,PATN_FM,,PRIORITY,,AND,,_Z,,INVENTOR,,_Z,,_Z,,_T,,2022,,0.5,,A,,1,,0,
DATAFLOW,OECD.STI.PIE:DSD_PATENTS@DF_PATENTS_OECDSPECIFIC(1.0),,I,6F0,,A,,AP,,PATN,,PRIORITY,,KWT,,_Z,,INVENTOR,,_Z,,_Z,,_T,,2022,,0,,A,,1,,0,
DATAFLOW,OECD.STI.PIE:DSD_PATENTS@DF_PATENTS_OECDSPECIFIC(1.0),,I,6F0,,A,,AP,,PATN,,PRIORITY,,ZWE,,_Z,,INVENTOR,,_Z,,_Z,,_T,,2022,,0,,A,,1,,0,
DATAFLOW,OECD.STI.PIE:DSD_PATENTS@DF_PATENTS_OECDSPECIFIC(1.0),,I,6F0,,A,,AP,,PATN,,PRIORITY,,SLV,,_Z,,INVENTOR,,_Z,,_Z,,_T,,2022,,0,,A,,1,,0,
DATAFLOW,OECD.STI.PIE:DSD_PATENTS@DF_PATENTS_OECDSPECIFIC(1.0),,I,6F0,,A,,AP,,PATN,,PRIORITY,,YUG_F,,_Z,,INVENTOR,,_Z,,_Z,,_T,,2022,,0,,A,,1,,0,
DATAFLOW,OECD.STI.PIE:DSD_PATENTS@DF_PATENTS_OECDSPECIFIC(1.0),,I,6F0,,A,,AP,,PATN,,PRIORITY,,JAM,,_Z,,INVENTOR,,_Z,,_Z,,_T,,2022,,0,,A,,1,,0,
DATAFLOW,OECD.STI.PIE:DSD_PATENTS@DF_PATENTS_OECDSPECIFIC(1.0),,I,6F0,,A,,AP,,PATN,,PRIORITY,,UZB,,_Z,,INVENTOR,,_Z,,_Z,,_T,,2022,,0,,A,,1,,0,
DATAFLOW,OECD.STI.PIE:DSD_PATENTS@DF_PATENTS_OECDSPECIFIC(1.0),,I,6F0,,A,,AP,,PATN,,PRIORITY,,ECU,,_Z,,INVENTOR,,_Z,,_Z,,_T,,2022,,0,,A,,1,,0,
DATAFLOW,OECD.STI.PIE:DSD_PATENTS@DF_PATENTS_OECDSPECIFIC(1.0),,I,6F0,,A,,AP,,PATN,,PRIORITY,,DJI,,_Z,,INVENTOR,,_Z,,_Z,,_T,,2022,,0,,A,,1,,0,
DATAFLOW,OECD.STI.PIE:DSD_PATENTS@DF_PATENTS_OECDSPECIFIC(1.0),,I,6F0,,A,,AP,,PATN,,PRIORITY,,TTO,,_Z,,INVENTOR,,_Z,,_Z,,_T,,2022,,0,,A,,1,,0,
DATAFLOW,OECD.STI.PIE:DSD_PATENTS@DF_PATENTS_OECDSPECIFIC(1.0),,I,9P50_1,,A,,AP,,PATN,,PRIORITY,,SLV,,_Z,,INVENTOR,,_Z,,_Z,,_T,,2022,,0,,A,,1,,0,
DATAFLOW,OECD.STI.PIE:DSD_PATENTS@DF_PATENTS_OECDSPECIFIC(1.0),,I,9P50_1,,A,,AP,,PATN,,PRIORITY,,ZWE,,_Z,,INVENTOR,,_Z,,_Z,,_T,,2022,,0,,A,,1,,0,
DATAFLOW,OECD.STI.PIE:DSD_PATENTS@DF_PATENTS_OECDSPECIFIC(1.0),,I,9P50_1,,A,,AP,,PATN,,PRIORITY,,SYC,,_Z,,INVENTOR,,_Z,,_Z,,_T,,2022,,0,,A,,1,,0,
DATAFLOW,OECD.STI.PIE:DSD_PATENTS@DF_PATENTS_OECDSPECIFIC(1.0),,I,9P50_1,,A,,AP,,PATN,,PRIORITY,,YUG_F,,_Z,,INVENTOR,,_Z,,_Z,,_T,,2022,,0,,A,,1,,0,
DATAFLOW,OECD.STI.PIE:DSD_PATENTS@DF_PATENTS_OECDSPECIFIC(1.0),,I,9P50_1,,A,,AP,,PATN,,PRIORITY,,DJI,,_Z,,INVENTOR,,_Z,,_Z,,_T,,2022,,0,,A,,1,,0,
DATAFLOW,OECD.STI.PIE:DSD_PATENTS@DF_PATENTS_OECDSPECIFIC(1.0),,I,6F0,,A,,AP,,PATN,,PRIORITY,,GEO,,_Z,,INVENTOR,,_Z,,_Z,,_T,,2022,,1,,A,,1,,0,
DATAFLOW,OECD.STI.PIE:DSD_PATENTS@DF_PATENTS_OECDSPECIFIC(1.0),,I,6F0,,A,,AP,,PATN,,PRIORITY,,SYC,,_Z,,INVENTOR,,_Z,,_Z,,_T,,2022,,1,,A,,1,,0,
DATAFLOW,OECD.STI.PIE:DSD_PATENTS@DF_PATENTS_OECDSPECIFIC(1.0),,I,9P50_1,,A,,AP,,PATN,,PRIORITY,,VEN,,_Z,,INVENTOR,,_Z,,_Z,,_T,,2022,,1,,A,,1,,0,
DATAFLOW,OECD.STI.PIE:DSD_PATENTS@DF_PATENTS_OECDSPECIFIC(1.0),,I,9P50_1,,A,,AP,,PATN,,PRIORITY,,LIE,,_Z,,INVENTOR,,_Z,,_Z,,_T,,2022,,15.321465,,A,,1,,0,
DATAFLOW,OECD.STI.PIE:DSD_PATENTS@DF_PATENTS_OECDSPECIFIC(1.0),,I,9P50_1,,A,,AP,,PATN,,PRIORITY,,BMU,,_Z,,INVENTOR,,_Z,,_Z,,_T,,2022,,6.0500002,,A,,1,,0,
DATAFLOW,OECD.STI.PIE:DSD_PATENTS@DF_PATENTS_OECDSPECIFIC(1.0),,I,9P50_1,,A,,AP,,PATN,,PRIORITY,,BEL,,_Z,,INVENTOR,,_Z,,_Z,,_T,,2022,,1359.0671,,A,,1,,0,
DATAFLOW,OECD.STI.PIE:DSD_PATENTS@DF_PATENTS_OECDSPECIFIC(1.0),,I,9P50_1,,A,,AP,,PATN,,PRIORITY,,CAN,,_Z,,INVENTOR,,_Z,,_Z,,_T,,2022,,3193.4387,,A,,1,,0,
DATAFLOW,OECD.STI.PIE:DSD_PATENTS@DF_PATENTS_OECDSPECIFIC(1.0),,I,9P50_1,,A,,AP,,PATN,,PRIORITY,,JPN,,_Z,,INVENTOR,,_Z,,_Z,,_T,,2022,,45921.996,,A,,1,,0,
DATAFLOW,OECD.STI.PIE:DSD_PATENTS@DF_PATENTS_OECDSPECIFIC(1.0),,I,9P50_1,,A,,AP,,PATN,,PRIORITY,,ARM,,_Z,,INVENTOR,,_Z,,_Z,,_T,,2022,,11.292857,,A,,1,,0,
DATAFLOW,OECD.STI.PIE:DSD_PATENTS@DF_PATENTS_OECDSPECIFIC(1.0),,I,9P50_1,,A,,AP,,PATN,,PRIORITY,,ISL,,_Z,,INVENTOR,,_Z,,_Z,,_T,,2022,,42.857143,,A,,1,,0,
DATAFLOW,OECD.STI.PIE:DSD_PATENTS@DF_PATENTS_OECDSPECIFIC(1.0),,I,9P50_1,,A,,AP,,PATN,,PRIORITY,,MEX,,_Z,,INVENTOR,,_Z,,_Z,,_T,,2022,,201.93056,,A,,1,,0,
DATAFLOW,OECD.STI.PIE:DSD_PATENTS@DF_PATENTS_OECDSPECIFIC(1.0),,I,9P50_1,,A,,AP,,PATN,,PRIORITY,,BLR,,_Z,,INVENTOR,,_Z,,_Z,,_T,,2022,,14.599206,,A,,1,,0,
DATAFLOW,OECD.STI.PIE:DSD_PATENTS@DF_PATENTS_OECDSPECIFIC(1.0),,I,9P50_1,,A,,AP,,PATN,,PRIORITY,,IND,,_Z,,INVENTOR,,_Z,,_Z,,_T,,2022,,3456.0632,,A,,1,,0,
DATAFLOW,OECD.STI.PIE:DSD_PATENTS@DF_PATENTS_OECDSPECIFIC(1.0),,I,9P50_1,,A,,AP,,PATN,,PRIORITY,,ESP,,_Z,,INVENTOR,,_Z,,_Z,,_T,,2022,,1715.8945,,A,,1,,0,
DATAFLOW,OECD.STI.PIE:DSD_PATENTS@DF_PATENTS_OECDSPECIFIC(1.0),,I,9P50_1,,A,,AP,,PATN,,PRIORITY,,ARG,,_Z,,INVENTOR,,_Z,,_Z,,_T,,2022,,47.203571,,A,,1,,0,
DATAFLOW,OECD.STI.PIE:DSD_PATENTS@DF_PATENTS_OECDSPECIFIC(1.0),,I,9P50_1,,A,,AP,,PATN,,PRIORITY,,NOR,,_Z,,INVENTOR,,_Z,,_Z,,_T,,2022,,696.38287,,A,,1,,0,
DATAFLOW,OECD.STI.PIE:DSD_PATENTS@DF_PATENTS_OECDSPECIFIC(1.0),,I,9P50_1,,A,,AP,,PATN,,PRIORITY,,MCO,,_Z,,INVENTOR,,_Z,,_Z,,_T,,2022,,13.25,,A,,1,,0,
DATAFLOW,OECD.STI.PIE:DSD_PATENTS@DF_PATENTS_OECDSPECIFIC(1.0),,I,9P50_1,,A,,AP,,PATN,,PRIORITY,,PRK,,_Z,,INVENTOR,,_Z,,_Z,,_T,,2022,,0.16666667,,A,,1,,0,
DATAFLOW,OECD.STI.PIE:DSD_PATENTS@DF_PATENTS_OECDSPECIFIC(1.0),,I,9P50_1,,A,,AP,,PATN,,PRIORITY,,ROU,,_Z,,INVENTOR,,_Z,,_Z,,_T,,2022,,68.371613,,A,,1,,0,
DATAFLOW,OECD.STI.PIE:DSD_PATENTS@DF_PATENTS_OECDSPECIFIC(1.0),,I,9P50_1,,A,,AP,,PATN,,PRIORITY,,CYM,,_Z,,INVENTOR,,_Z,,_Z,,_T,,2022,,0.33333334,,A,,1,,0,
DATAFLOW,OECD.STI.PIE:DSD_PATENTS@DF_PATENTS_OECDSPECIFIC(1.0),,I,9P50_1,,A,,AP,,PATN,,PRIORITY,,KWT,,_Z,,INVENTOR,,_Z,,_Z,,_T,,2022,,0.25,,A,,1,,0,
DATAFLOW,OECD.STI.PIE:DSD_PATENTS@DF_PATENTS_OECDSPECIFIC(1.0),,I,9P50_1,,A,,AP,,PATN,,PRIORITY,,PAN,,_Z,,INVENTOR,,_Z,,_Z,,_T,,2022,,2.4166667,,A,,1,,0,
DATAFLOW,OECD.STI.PIE:DSD_PATENTS@DF_PATENTS_OECDSPECIFIC(1.0),,I,9P50_1,,A,,AP,,PATN,,PRIORITY,,UZB,,_Z,,INVENTOR,,_Z,,_Z,,_T,,2022,,0.76111114,,A,,1,,0,
DATAFLOW,OECD.STI.PIE:DSD_PATENTS@DF_PATENTS_OECDSPECIFIC(1.0),,I,9P50_1,,A,,AP,,PATN,,PRIORITY,,LKA,,_Z,,INVENTOR,,_Z,,_Z,,_T,,2022,,15.066667,,A,,1,,0,
DATAFLOW,OECD.STI.PIE:DSD_PATENTS@DF_PATENTS_OECDSPECIFIC(1.0),,I,9P50_1,,A,,AP,,PATN,,PRIORITY,,PHL,,_Z,,INVENTOR,,_Z,,_Z,,_T,,2022,,22.866667,,A,,1,,0,
DATAFLOW,OECD.STI.PIE:DSD_PATENTS@DF_PATENTS_OECDSPECIFIC(1.0),,I,9P50_1,,A,,AP,,PATN,,PRIORITY,,GTM,,_Z,,INVENTOR,,_Z,,_Z,,_T,,2022,,1.8333334,,A,,1,,0,
DATAFLOW,OECD.STI.PIE:DSD_PATENTS@DF_PATENTS_OECDSPECIFIC(1.0),,I,9P50_1,,A,,AP,,PATN,,PRIORITY,,PRI,,_Z,,INVENTOR,,_Z,,_Z,,_T,,2022,,21.075001,,A,,1,,0,
DATAFLOW,OECD.STI.PIE:DSD_PATENTS@DF_PATENTS_OECDSPECIFIC(1.0),,I,9P50_1,,A,,AP,,PATN,,PRIORITY,,MKD,,_Z,,INVENTOR,,_Z,,_Z,,_T,,2022,,4.75,,A,,1,,0,
DATAFLOW,OECD.STI.PIE:DSD_PATENTS@DF_PATENTS_OECDSPECIFIC(1.0),,I,9P50_1,,A,,AP,,PATN,,PRIORITY,,JAM,,_Z,,INVENTOR,,_Z,,_Z,,_T,,2022,,1.75,,A,,1,,0,
DATAFLOW,OECD.STI.PIE:DSD_PATENTS@DF_PATENTS_OECDSPECIFIC(1.0),,I,9P50_1,,A,,AP,,PATN,,PRIORITY,,OECD,,_Z,,INVENTOR,,_Z,,_Z,,_T,,2022,,185992.8,,A,,1,,0,
DATAFLOW,OECD.STI.PIE:DSD_PATENTS@DF_PATENTS_OECDSPECIFIC(1.0),,I,9P50_1,,A,,AP,,PATN,,PRIORITY,,THA,,_Z,,INVENTOR,,_Z,,_Z,,_T,,2022,,134.57738,,A,,1,,0,
DATAFLOW,OECD.STI.PIE:DSD_PATENTS@DF_PATENTS_OECDSPECIFIC(1.0),,I,9P50_1,,A,,AP,,PATN,,PRIORITY,,SVN,,_Z,,INVENTOR,,_Z,,_Z,,_T,,2022,,121.65199,,A,,1,,0,
DATAFLOW,OECD.STI.PIE:DSD_PATENTS@DF_PATENTS_OECDSPECIFIC(1.0),,I,9P50_1,,A,,AP,,PATN,,PRIORITY,,USA,,_Z,,INVENTOR,,_Z,,_Z,,_T,,2022,,54136.238,,A,,1,,0,
DATAFLOW,OECD.STI.PIE:DSD_PATENTS@DF_PATENTS_OECDSPECIFIC(1.0),,I,9P50_1,,A,,AP,,PATN,,PRIORITY,,JOR,,_Z,,INVENTOR,,_Z,,_Z,,_T,,2022,,19.416666,,A,,1,,0,
DATAFLOW,OECD.STI.PIE:DSD_PATENTS@DF_PATENTS_OECDSPECIFIC(1.0),,I,9P50_1,,A,,AP,,PATN,,PRIORITY,,RUS,,_Z,,INVENTOR,,_Z,,_Z,,_T,,2022,,698.77802,,A,,1,,0,
DATAFLOW,OECD.STI.PIE:DSD_PATENTS@DF_PATENTS_OECDSPECIFIC(1.0),,I,9P50_1,,A,,AP,,PATN,,PRIORITY,,UKR,,_Z,,INVENTOR,,_Z,,_Z,,_T,,2022,,97.148415,,A,,1,,0,
DATAFLOW,OECD.STI.PIE:DSD_PATENTS@DF_PATENTS_OECDSPECIFIC(1.0),,I,9P50_1,,A,,AP,,PATN,,PRIORITY,,ARE,,_Z,,INVENTOR,,_Z,,_Z,,_T,,2022,,135.75,,A,,1,,0,
DATAFLOW,OECD.STI.PIE:DSD_PATENTS@DF_PATENTS_OECDSPECIFIC(1.0),,I,9P50_1,,A,,AP,,PATN,,PRIORITY,,CYP,,_Z,,INVENTOR,,_Z,,_Z,,_T,,2022,,23.883333,,A,,1,,0,
DATAFLOW,OECD.STI.PIE:DSD_PATENTS@DF_PATENTS_OECDSPECIFIC(1.0),,I,9P50_1,,A,,AP,,PATN,,PRIORITY,,URY,,_Z,,INVENTOR,,_Z,,_Z,,_T,,2022,,11.7,,A,,1,,0,
DATAFLOW,OECD.STI.PIE:DSD_PATENTS@DF_PATENTS_OECDSPECIFIC(1.0),,I,9P50_1,,A,,AP,,PATN,,PRIORITY,,KOR,,_Z,,INVENTOR,,_Z,,_Z,,_T,,2022,,21108.971,,A,,1,,0,
DATAFLOW,OECD.STI.PIE:DSD_PATENTS@DF_PATENTS_OECDSPECIFIC(1.0),,I,9P50_1,,A,,AP,,PATN,,PRIORITY,,TUR,,_Z,,INVENTOR,,_Z,,_Z,,_T,,2022,,1773.2845,,A,,1,,0,
DATAFLOW,OECD.STI.PIE:DSD_PATENTS@DF_PATENTS_OECDSPECIFIC(1.0),,I,9P50_1,,A,,AP,,PATN,,PRIORITY,,KAZ,,_Z,,INVENTOR,,_Z,,_Z,,_T,,2022,,18.957144,,A,,1,,0,
DATAFLOW,OECD.STI.PIE:DSD_PATENTS@DF_PATENTS_OECDSPECIFIC(1.0),,I,9P50_1,,A,,AP,,PATN,,PRIORITY,,AUS,,_Z,,INVENTOR,,_Z,,_Z,,_T,,2022,,1559.8971,,A,,1,,0,
DATAFLOW,OECD.STI.PIE:DSD_PATENTS@DF_PATENTS_OECDSPECIFIC(1.0),,I,9P50_1,,A,,AP,,PATN,,PRIORITY,,CHL,,_Z,,INVENTOR,,_Z,,_Z,,_T,,2022,,162.09723,,A,,1,,0,
DATAFLOW,OECD.STI.PIE:DSD_PATENTS@DF_PATENTS_OECDSPECIFIC(1.0),,I,9P50_1,,A,,AP,,PATN,,PRIORITY,,NZL,,_Z,,INVENTOR,,_Z,,_Z,,_T,,2022,,287.59677,,A,,1,,0,
DATAFLOW,OECD.STI.PIE:DSD_PATENTS@DF_PATENTS_OECDSPECIFIC(1.0),,I,9P50_1,,A,,AP,,PATN,,PRIORITY,,HUN,,_Z,,INVENTOR,,_Z,,_Z,,_T,,2022,,277.50781,,A,,1,,0,
DATAFLOW,OECD.STI.PIE:DSD_PATENTS@DF_PATENTS_OECDSPECIFIC(1.0),,I,9P50_1,,A,,AP,,PATN,,PRIORITY,,CRI,,_Z,,INVENTOR,,_Z,,_Z,,_T,,2022,,16.75238,,A,,1,,0,
DATAFLOW,OECD.STI.PIE:DSD_PATENTS@DF_PATENTS_OECDSPECIFIC(1.0),,I,9P50_1,,A,,AP,,PATN,,PRIORITY,,CHN,,_Z,,INVENTOR,,_Z,,_Z,,_T,,2022,,67967.594,,A,,1,,0,
DATAFLOW,OECD.STI.PIE:DSD_PATENTS@DF_PATENTS_OECDSPECIFIC(1.0),,I,9P50_1,,A,,AP,,PATN,,PRIORITY,,IRL,,_Z,,INVENTOR,,_Z,,_Z,,_T,,2022,,502.03946,,A,,1,,0,
DATAFLOW,OECD.STI.PIE:DSD_PATENTS@DF_PATENTS_OECDSPECIFIC(1.0),,I,9P50_1,,A,,AP,,PATN,,PRIORITY,,ECU,,_Z,,INVENTOR,,_Z,,_Z,,_T,,2022,,4,,A,,1,,0,
DATAFLOW,OECD.STI.PIE:DSD_PATENTS@DF_PATENTS_OECDSPECIFIC(1.0),,I,9P50_1,,A,,AP,,PATN,,PRIORITY,,GRC,,_Z,,INVENTOR,,_Z,,_Z,,_T,,2022,,131.44234,,A,,1,,0,
DATAFLOW,OECD.STI.PIE:DSD_PATENTS@DF_PATENTS_OECDSPECIFIC(1.0),,I,9P50_1,,A,,AP,,PATN,,PRIORITY,,AUT,,_Z,,INVENTOR,,_Z,,_Z,,_T,,2022,,1572.6176,,A,,1,,0,
DATAFLOW,OECD.STI.PIE:DSD_PATENTS@DF_PATENTS_OECDSPECIFIC(1.0),,I,9P50_1,,A,,AP,,PATN,,PRIORITY,,PER,,_Z,,INVENTOR,,_Z,,_Z,,_T,,2022,,33.768452,,A,,1,,0,
DATAFLOW,OECD.STI.PIE:DSD_PATENTS@DF_PATENTS_OECDSPECIFIC(1.0),,I,9P50_1,,A,,AP,,PATN,,PRIORITY,,ITA,,_Z,,INVENTOR,,_Z,,_Z,,_T,,2022,,3507.4036,,A,,1,,0,
DATAFLOW,OECD.STI.PIE:DSD_PATENTS@DF_PATENTS_OECDSPECIFIC(1.0),,I,9P50_1,,A,,AP,,PATN,,PRIORITY,,EU27_2020,,_Z,,INVENTOR,,_Z,,_Z,,_T,,2022,,45565.551,,A,,1,,0,
DATAFLOW,OECD.STI.PIE:DSD_PATENTS@DF_PATENTS_OECDSPECIFIC(1.0),,I,9P50_1,,A,,AP,,PATN,,PRIORITY,,SVK,,_Z,,INVENTOR,,_Z,,_Z,,_T,,2022,,66.150002,,A,,1,,0,
DATAFLOW,OECD.STI.PIE:DSD_PATENTS@DF_PATENTS_OECDSPECIFIC(1.0),,I,9P50_1,,A,,AP,,PATN,,PRIORITY,,MLT,,_Z,,INVENTOR,,_Z,,_Z,,_T,,2022,,20.1,,A,,1,,0,
DATAFLOW,OECD.STI.PIE:DSD_PATENTS@DF_PATENTS_OECDSPECIFIC(1.0),,I,9P50_1,,A,,AP,,PATN,,PRIORITY,,BGR,,_Z,,INVENTOR,,_Z,,_Z,,_T,,2022,,52.415112,,A,,1,,0,
DATAFLOW,OECD.STI.PIE:DSD_PATENTS@DF_PATENTS_OECDSPECIFIC(1.0),,I,9P50_1,,A,,AP,,PATN,,PRIORITY,,EST,,_Z,,INVENTOR,,_Z,,_Z,,_T,,2022,,27.049999,,A,,1,,0,
DATAFLOW,OECD.STI.PIE:DSD_PATENTS@DF_PATENTS_OECDSPECIFIC(1.0),,I,9P50_1,,A,,AP,,PATN,,PRIORITY,,PRT,,_Z,,INVENTOR,,_Z,,_Z,,_T,,2022,,255.1572,,A,,1,,0,
DATAFLOW,OECD.STI.PIE:DSD_PATENTS@DF_PATENTS_OECDSPECIFIC(1.0),,I,9P50_1,,A,,AP,,PATN,,PRIORITY,,TUN,,_Z,,INVENTOR,,_Z,,_Z,,_T,,2022,,10,,A,,1,,0,
DATAFLOW,OECD.STI.PIE:DSD_PATENTS@DF_PATENTS_OECDSPECIFIC(1.0),,I,9P50_1,,A,,AP,,PATN,,PRIORITY,,EGY,,_Z,,INVENTOR,,_Z,,_Z,,_T,,2022,,49.794445,,A,,1,,0,
DATAFLOW,OECD.STI.PIE:DSD_PATENTS@DF_PATENTS_OECDSPECIFIC(1.0),,I,9P50_1,,A,,AP,,PATN,,PRIORITY,,IRN,,_Z,,INVENTOR,,_Z,,_Z,,_T,,2022,,255.10477,,A,,1,,0,
DATAFLOW,OECD.STI.PIE:DSD_PATENTS@DF_PATENTS_OECDSPECIFIC(1.0),,I,9P50_1,,A,,AP,,PATN,,PRIORITY,,BIH,,_Z,,INVENTOR,,_Z,,_Z,,_T,,2022,,3.1833334,,A,,1,,0,
DATAFLOW,OECD.STI.PIE:DSD_PATENTS@DF_PATENTS_OECDSPECIFIC(1.0),,I,9P50_1,,A,,AP,,PATN,,PRIORITY,,MDA,,_Z,,INVENTOR,,_Z,,_Z,,_T,,2022,,5.5,,A,,1,,0,
DATAFLOW,OECD.STI.PIE:DSD_PATENTS@DF_PATENTS_OECDSPECIFIC(1.0),,I,9P50_1,,A,,AP,,PATN,,PRIORITY,,MNG,,_Z,,INVENTOR,,_Z,,_Z,,_T,,2022,,1.3333334,,A,,1,,0,
DATAFLOW,OECD.STI.PIE:DSD_PATENTS@DF_PATENTS_OECDSPECIFIC(1.0),,I,9P50_1,,A,,AP,,PATN,,PRIORITY,,SGP,,_Z,,INVENTOR,,_Z,,_Z,,_T,,2022,,1203.1267,,A,,1,,0,
DATAFLOW,OECD.STI.PIE:DSD_PATENTS@DF_PATENTS_OECDSPECIFIC(1.0),,I,9P50_1,,A,,AP,,PATN,,PRIORITY,,W,,_Z,,INVENTOR,,_Z,,_Z,,_T,,2022,,265675,,A,,1,,0,
DATAFLOW,OECD.STI.PIE:DSD_PATENTS@DF_PATENTS_OECDSPECIFIC(1.0),,I,9P50_1,,A,,AP,,PATN,,PRIORITY,,COL,,_Z,,INVENTOR,,_Z,,_Z,,_T,,2022,,117.70834,,A,,1,,0,
DATAFLOW,OECD.STI.PIE:DSD_PATENTS@DF_PATENTS_OECDSPECIFIC(1.0),,I,9P50_1,,A,,AP,,PATN,,PRIORITY,,TWN,,_Z,,INVENTOR,,_Z,,_Z,,_T,,2022,,688.51324,,A,,1,,0,
DATAFLOW,OECD.STI.PIE:DSD_PATENTS@DF_PATENTS_OECDSPECIFIC(1.0),,I,9P50_1,,A,,AP,,PATN,,PRIORITY,,LBN,,_Z,,INVENTOR,,_Z,,_Z,,_T,,2022,,9.2261906,,A,,1,,0,
DATAFLOW,OECD.STI.PIE:DSD_PATENTS@DF_PATENTS_OECDSPECIFIC(1.0),,I,9P50_1,,A,,AP,,PATN,,PRIORITY,,POL,,_Z,,INVENTOR,,_Z,,_Z,,_T,,2022,,428.83936,,A,,1,,0,
DATAFLOW,OECD.STI.PIE:DSD_PATENTS@DF_PATENTS_OECDSPECIFIC(1.0),,I,9P50_1,,A,,AP,,PATN,,PRIORITY,,MYS,,_Z,,INVENTOR,,_Z,,_Z,,_T,,2022,,153.3369,,A,,1,,0,
DATAFLOW,OECD.STI.PIE:DSD_PATENTS@DF_PATENTS_OECDSPECIFIC(1.0),,I,9P50_1,,A,,AP,,PATN,,PRIORITY,,ISR,,_Z,,INVENTOR,,_Z,,_Z,,_T,,2022,,2094.3743,,A,,1,,0,
DATAFLOW,OECD.STI.PIE:DSD_PATENTS@DF_PATENTS_OECDSPECIFIC(1.0),,I,9P50_1,,A,,AP,,PATN,,PRIORITY,,GEO,,_Z,,INVENTOR,,_Z,,_Z,,_T,,2022,,6.5,,A,,1,,0,
DATAFLOW,OECD.STI.PIE:DSD_PATENTS@DF_PATENTS_OECDSPECIFIC(1.0),,I,9P50_1,,A,,AP,,PATN,,PRIORITY,,DEU,,_Z,,INVENTOR,,_Z,,_Z,,_T,,2022,,17172.867,,A,,1,,0,
DATAFLOW,OECD.STI.PIE:DSD_PATENTS@DF_PATENTS_OECDSPECIFIC(1.0),,I,9P50_1,,A,,AP,,PATN,,PRIORITY,,FIN,,_Z,,INVENTOR,,_Z,,_Z,,_T,,2022,,1313.6711,,A,,1,,0,
DATAFLOW,OECD.STI.PIE:DSD_PATENTS@DF_PATENTS_OECDSPECIFIC(1.0),,I,9P50_1,,A,,AP,,PATN,,PRIORITY,,SWE,,_Z,,INVENTOR,,_Z,,_Z,,_T,,2022,,3308.063,,A,,1,,0,
DATAFLOW,OECD.STI.PIE:DSD_PATENTS@DF_PATENTS_OECDSPECIFIC(1.0),,I,9P50_1,,A,,AP,,PATN,,PRIORITY,,CHE,,_Z,,INVENTOR,,_Z,,_Z,,_T,,2022,,3088.0198,,A,,1,,0,
DATAFLOW,OECD.STI.PIE:DSD_PATENTS@DF_PATENTS_OECDSPECIFIC(1.0),,I,9P50_1,,A,,AP,,PATN,,PRIORITY,,MAR,,_Z,,INVENTOR,,_Z,,_Z,,_T,,2022,,58.616665,,A,,1,,0,
DATAFLOW,OECD.STI.PIE:DSD_PATENTS@DF_PATENTS_OECDSPECIFIC(1.0),,I,9P50_1,,A,,AP,,PATN,,PRIORITY,,NLD,,_Z,,INVENTOR,,_Z,,_Z,,_T,,2022,,3726.7419,,A,,1,,0,
DATAFLOW,OECD.STI.PIE:DSD_PATENTS@DF_PATENTS_OECDSPECIFIC(1.0),,I,9P50_1,,A,,AP,,PATN,,PRIORITY,,AND,,_Z,,INVENTOR,,_Z,,_Z,,_T,,2022,,3.5,,A,,1,,0,
DATAFLOW,OECD.STI.PIE:DSD_PATENTS@DF_PATENTS_OECDSPECIFIC(1.0),,I,9P50_1,,A,,AP,,PATN,,PRIORITY,,DNK,,_Z,,INVENTOR,,_Z,,_Z,,_T,,2022,,1534.7369,,A,,1,,0,
DATAFLOW,OECD.STI.PIE:DSD_PATENTS@DF_PATENTS_OECDSPECIFIC(1.0),,I,9P50_1,,A,,AP,,PATN,,PRIORITY,,BRA,,_Z,,INVENTOR,,_Z,,_Z,,_T,,2022,,623.10632,,A,,1,,0,
DATAFLOW,OECD.STI.PIE:DSD_PATENTS@DF_PATENTS_OECDSPECIFIC(1.0),,I,9P50_1,,A,,AP,,PATN,,PRIORITY,,KEN,,_Z,,INVENTOR,,_Z,,_Z,,_T,,2022,,4.5166669,,A,,1,,0,
DATAFLOW,OECD.STI.PIE:DSD_PATENTS@DF_PATENTS_OECDSPECIFIC(1.0),,I,9P50_1,,A,,AP,,PATN,,PRIORITY,,CUB,,_Z,,INVENTOR,,_Z,,_Z,,_T,,2022,,5,,A,,1,,0,
DATAFLOW,OECD.STI.PIE:DSD_PATENTS@DF_PATENTS_OECDSPECIFIC(1.0),,I,9P50_1,,A,,AP,,PATN,,PRIORITY,,LUX,,_Z,,INVENTOR,,_Z,,_Z,,_T,,2022,,87.839684,,A,,1,,0,
DATAFLOW,OECD.STI.PIE:DSD_PATENTS@DF_PATENTS_OECDSPECIFIC(1.0),,I,9P50_1,,A,,AP,,PATN,,PRIORITY,,LVA,,_Z,,INVENTOR,,_Z,,_Z,,_T,,2022,,47.950001,,A,,1,,0,
DATAFLOW,OECD.STI.PIE:DSD_PATENTS@DF_PATENTS_OECDSPECIFIC(1.0),,I,9P50_1,,A,,AP,,PATN,,PRIORITY,,SAU,,_Z,,INVENTOR,,_Z,,_Z,,_T,,2022,,349.08862,,A,,1,,0,
DATAFLOW,OECD.STI.PIE:DSD_PATENTS@DF_PATENTS_OECDSPECIFIC(1.0),,I,9P50_1,,A,,AP,,PATN,,PRIORITY,,ZAF,,_Z,,INVENTOR,,_Z,,_Z,,_T,,2022,,197.15794,,A,,1,,0,
DATAFLOW,OECD.STI.PIE:DSD_PATENTS@DF_PATENTS_OECDSPECIFIC(1.0),,I,9P50_1,,A,,AP,,PATN,,PRIORITY,,HRV,,_Z,,INVENTOR,,_Z,,_Z,,_T,,2022,,49.265278,,A,,1,,0,
DATAFLOW,OECD.STI.PIE:DSD_PATENTS@DF_PATENTS_OECDSPECIFIC(1.0),,I,9P50_1,,A,,AP,,PATN,,PRIORITY,,FRA,,_Z,,INVENTOR,,_Z,,_Z,,_T,,2022,,7895.7002,,A,,1,,0,
DATAFLOW,OECD.STI.PIE:DSD_PATENTS@DF_PATENTS_OECDSPECIFIC(1.0),,I,9P50_1,,A,,AP,,PATN,,PRIORITY,,LTU,,_Z,,INVENTOR,,_Z,,_Z,,_T,,2022,,31.383333,,A,,1,,0,
DATAFLOW,OECD.STI.PIE:DSD_PATENTS@DF_PATENTS_OECDSPECIFIC(1.0),,I,9P50_1,,A,,AP,,PATN,,PRIORITY,,HKG,,_Z,,INVENTOR,,_Z,,_Z,,_T,,2022,,515.77832,,A,,1,,0,
DATAFLOW,OECD.STI.PIE:DSD_PATENTS@DF_PATENTS_OECDSPECIFIC(1.0),,I,9P50_1,,A,,AP,,PATN,,PRIORITY,,IDN,,_Z,,INVENTOR,,_Z,,_Z,,_T,,2022,,18.540476,,A,,1,,0,
DATAFLOW,OECD.STI.PIE:DSD_PATENTS@DF_PATENTS_OECDSPECIFIC(1.0),,I,9P50_1,,A,,AP,,PATN,,PRIORITY,,GBR,,_Z,,INVENTOR,,_Z,,_Z,,_T,,2022,,6239.7378,,A,,1,,0,
DATAFLOW,OECD.STI.PIE:DSD_PATENTS@DF_PATENTS_OECDSPECIFIC(1.0),,I,9P50_1,,A,,AP,,PATN,,PRIORITY,,CZE,,_Z,,INVENTOR,,_Z,,_Z,,_T,,2022,,267.74246,,A,,1,,0,
DATAFLOW,OECD.STI.PIE:DSD_PATENTS@DF_PATENTS_OECDSPECIFIC(1.0),,I,9P50_1,,A,,AP,,PATN,,PRIORITY,,DZA,,_Z,,INVENTOR,,_Z,,_Z,,_T,,2022,,16.833334,,A,,1,,0,
DATAFLOW,OECD.STI.PIE:DSD_PATENTS@DF_PATENTS_OECDSPECIFIC(1.0),,I,9P50_1,,A,,AP,,PATN,,PRIORITY,,PAK,,_Z,,INVENTOR,,_Z,,_Z,,_T,,2022,,8.7492428,,A,,1,,0,
DATAFLOW,OECD.STI.PIE:DSD_PATENTS@DF_PATENTS_OECDSPECIFIC(1.0),,I,9P50_1,,A,,AP,,PATN,,PRIORITY,,NGA,,_Z,,INVENTOR,,_Z,,_Z,,_T,,2022,,2.6666667,,A,,1,,0,
DATAFLOW,OECD.STI.PIE:DSD_PATENTS@DF_PATENTS_OECDSPECIFIC(1.0),,I,9P50_1,,A,,AP,,PATN,,PRIORITY,,TTO,,_Z,,INVENTOR,,_Z,,_Z,,_T,,2022,,2,,A,,1,,0,
DATAFLOW,OECD.STI.PIE:DSD_PATENTS@DF_PATENTS_OECDSPECIFIC(1.0),,I,6F0,,A,,AP,,PATN,,PRIORITY,,BGR,,_Z,,INVENTOR,,_Z,,_Z,,_T,,2022,,36.380501,,A,,1,,0,
DATAFLOW,OECD.STI.PIE:DSD_PATENTS@DF_PATENTS_OECDSPECIFIC(1.0),,I,6F0,,A,,AP,,PATN,,PRIORITY,,GBR,,_Z,,INVENTOR,,_Z,,_Z,,_T,,2022,,5401.8252,,A,,1,,0,
DATAFLOW,OECD.STI.PIE:DSD_PATENTS@DF_PATENTS_OECDSPECIFIC(1.0),,I,6F0,,A,,AP,,PATN,,PRIORITY,,MYS,,_Z,,INVENTOR,,_Z,,_Z,,_T,,2022,,64.991699,,A,,1,,0,
DATAFLOW,OECD.STI.PIE:DSD_PATENTS@DF_PATENTS_OECDSPECIFIC(1.0),,I,6F0,,A,,AP,,PATN,,PRIORITY,,BMU,,_Z,,INVENTOR,,_Z,,_Z,,_T,,2022,,0.80000001,,A,,1,,0,
DATAFLOW,OECD.STI.PIE:DSD_PATENTS@DF_PATENTS_OECDSPECIFIC(1.0),,I,6F0,,A,,AP,,PATN,,PRIORITY,,SVK,,_Z,,INVENTOR,,_Z,,_Z,,_T,,2022,,65.716698,,A,,1,,0,
DATAFLOW,OECD.STI.PIE:DSD_PATENTS@DF_PATENTS_OECDSPECIFIC(1.0),,I,6F0,,A,,AP,,PATN,,PRIORITY,,IDN,,_Z,,INVENTOR,,_Z,,_Z,,_T,,2022,,5.0570998,,A,,1,,0,
DATAFLOW,OECD.STI.PIE:DSD_PATENTS@DF_PATENTS_OECDSPECIFIC(1.0),,I,6F0,,A,,AP,,PATN,,PRIORITY,,VEN,,_Z,,INVENTOR,,_Z,,_Z,,_T,,2022,,0.66670001,,A,,1,,0,
DATAFLOW,OECD.STI.PIE:DSD_PATENTS@DF_PATENTS_OECDSPECIFIC(1.0),,I,6F0,,A,,AP,,PATN,,PRIORITY,,LIE,,_Z,,INVENTOR,,_Z,,_Z,,_T,,2022,,28.689301,,A,,1,,0,
DATAFLOW,OECD.STI.PIE:DSD_PATENTS@DF_PATENTS_OECDSPECIFIC(1.0),,I,6F0,,A,,AP,,PATN,,PRIORITY,,AND,,_Z,,INVENTOR,,_Z,,_Z,,_T,,2022,,2.5,,A,,1,,0,
DATAFLOW,OECD.STI.PIE:DSD_PATENTS@DF_PATENTS_OECDSPECIFIC(1.0),,I,6F0,,A,,AP,,PATN,,PRIORITY,,ISR,,_Z,,INVENTOR,,_Z,,_Z,,_T,,2022,,1392.066,,A,,1,,0,
DATAFLOW,OECD.STI.PIE:DSD_PATENTS@DF_PATENTS_OECDSPECIFIC(1.0),,I,6F0,,A,,AP,,PATN,,PRIORITY,,ARE,,_Z,,INVENTOR,,_Z,,_Z,,_T,,2022,,82.023804,,A,,1,,0,
DATAFLOW,OECD.STI.PIE:DSD_PATENTS@DF_PATENTS_OECDSPECIFIC(1.0),,I,6F0,,A,,AP,,PATN,,PRIORITY,,LVA,,_Z,,INVENTOR,,_Z,,_Z,,_T,,2022,,35.549999,,A,,1,,0,
DATAFLOW,OECD.STI.PIE:DSD_PATENTS@DF_PATENTS_OECDSPECIFIC(1.0),,I,6F0,,A,,AP,,PATN,,PRIORITY,,POL,,_Z,,INVENTOR,,_Z,,_Z,,_T,,2022,,756.09009,,A,,1,,0,
DATAFLOW,OECD.STI.PIE:DSD_PATENTS@DF_PATENTS_OECDSPECIFIC(1.0),,I,6F0,,A,,AP,,PATN,,PRIORITY,,ROU,,_Z,,INVENTOR,,_Z,,_Z,,_T,,2022,,80.210503,,A,,1,,0,
DATAFLOW,OECD.STI.PIE:DSD_PATENTS@DF_PATENTS_OECDSPECIFIC(1.0),,I,6F0,,A,,AP,,PATN,,PRIORITY,,TUN,,_Z,,INVENTOR,,_Z,,_Z,,_T,,2022,,6.7832999,,A,,1,,0,
DATAFLOW,OECD.STI.PIE:DSD_PATENTS@DF_PATENTS_OECDSPECIFIC(1.0),,I,6F0,,A,,AP,,PATN,,PRIORITY,,PER,,_Z,,INVENTOR,,_Z,,_Z,,_T,,2022,,10.4333,,A,,1,,0,
DATAFLOW,OECD.STI.PIE:DSD_PATENTS@DF_PATENTS_OECDSPECIFIC(1.0),,I,6F0,,A,,AP,,PATN,,PRIORITY,,CHL,,_Z,,INVENTOR,,_Z,,_Z,,_T,,2022,,38.0667,,A,,1,,0,
DATAFLOW,OECD.STI.PIE:DSD_PATENTS@DF_PATENTS_OECDSPECIFIC(1.0),,I,6F0,,A,,AP,,PATN,,PRIORITY,,MAR,,_Z,,INVENTOR,,_Z,,_Z,,_T,,2022,,29.866699,,A,,1,,0,
DATAFLOW,OECD.STI.PIE:DSD_PATENTS@DF_PATENTS_OECDSPECIFIC(1.0),,I,6F0,,A,,AP,,PATN,,PRIORITY,,MLT,,_Z,,INVENTOR,,_Z,,_Z,,_T,,2022,,14.8833,,A,,1,,0,
DATAFLOW,OECD.STI.PIE:DSD_PATENTS@DF_PATENTS_OECDSPECIFIC(1.0),,I,6F0,,A,,AP,,PATN,,PRIORITY,,SGP,,_Z,,INVENTOR,,_Z,,_Z,,_T,,2022,,486.47089,,A,,1,,0,
DATAFLOW,OECD.STI.PIE:DSD_PATENTS@DF_PATENTS_OECDSPECIFIC(1.0),,I,6F0,,A,,AP,,PATN,,PRIORITY,,AUT,,_Z,,INVENTOR,,_Z,,_Z,,_T,,2022,,1942.7205,,A,,1,,0,
DATAFLOW,OECD.STI.PIE:DSD_PATENTS@DF_PATENTS_OECDSPECIFIC(1.0),,I,6F0,,A,,AP,,PATN,,PRIORITY,,NLD,,_Z,,INVENTOR,,_Z,,_Z,,_T,,2022,,4289.7407,,A,,1,,0,
DATAFLOW,OECD.STI.PIE:DSD_PATENTS@DF_PATENTS_OECDSPECIFIC(1.0),,I,6F0,,A,,AP,,PATN,,PRIORITY,,AUS,,_Z,,INVENTOR,,_Z,,_Z,,_T,,2022,,696.91248,,A,,1,,0,
DATAFLOW,OECD.STI.PIE:DSD_PATENTS@DF_PATENTS_OECDSPECIFIC(1.0),,I,6F0,,A,,AP,,PATN,,PRIORITY,,LKA,,_Z,,INVENTOR,,_Z,,_Z,,_T,,2022,,3.0667,,A,,1,,0,
DATAFLOW,OECD.STI.PIE:DSD_PATENTS@DF_PATENTS_OECDSPECIFIC(1.0),,I,6F0,,A,,AP,,PATN,,PRIORITY,,CRI,,_Z,,INVENTOR,,_Z,,_Z,,_T,,2022,,13.069,,A,,1,,0,
DATAFLOW,OECD.STI.PIE:DSD_PATENTS@DF_PATENTS_OECDSPECIFIC(1.0),,I,6F0,,A,,AP,,PATN,,PRIORITY,,IRL,,_Z,,INVENTOR,,_Z,,_Z,,_T,,2022,,473.62189,,A,,1,,0,
DATAFLOW,OECD.STI.PIE:DSD_PATENTS@DF_PATENTS_OECDSPECIFIC(1.0),,I,6F0,,A,,AP,,PATN,,PRIORITY,,ITA,,_Z,,INVENTOR,,_Z,,_Z,,_T,,2022,,4554.4214,,A,,1,,0,
DATAFLOW,OECD.STI.PIE:DSD_PATENTS@DF_PATENTS_OECDSPECIFIC(1.0),,I,6F0,,A,,AP,,PATN,,PRIORITY,,FIN,,_Z,,INVENTOR,,_Z,,_Z,,_T,,2022,,1336.8632,,A,,1,,0,
DATAFLOW,OECD.STI.PIE:DSD_PATENTS@DF_PATENTS_OECDSPECIFIC(1.0),,I,6F0,,A,,AP,,PATN,,PRIORITY,,ZAF,,_Z,,INVENTOR,,_Z,,_Z,,_T,,2022,,71.927399,,A,,1,,0,
DATAFLOW,OECD.STI.PIE:DSD_PATENTS@DF_PATENTS_OECDSPECIFIC(1.0),,I,6F0,,A,,AP,,PATN,,PRIORITY,,THA,,_Z,,INVENTOR,,_Z,,_Z,,_T,,2022,,46.621399,,A,,1,,0,
DATAFLOW,OECD.STI.PIE:DSD_PATENTS@DF_PATENTS_OECDSPECIFIC(1.0),,I,6F0,,A,,AP,,PATN,,PRIORITY,,TWN,,_Z,,INVENTOR,,_Z,,_Z,,_T,,2022,,1618.3654,,A,,1,,0,
DATAFLOW,OECD.STI.PIE:DSD_PATENTS@DF_PATENTS_OECDSPECIFIC(1.0),,I,6F0,,A,,AP,,PATN,,PRIORITY,,NGA,,_Z,,INVENTOR,,_Z,,_Z,,_T,,2022,,0.66670001,,A,,1,,0,
DATAFLOW,OECD.STI.PIE:DSD_PATENTS@DF_PATENTS_OECDSPECIFIC(1.0),,I,6F0,,A,,AP,,PATN,,PRIORITY,,IND,,_Z,,INVENTOR,,_Z,,_Z,,_T,,2022,,2025.3153,,A,,1,,0,
DATAFLOW,OECD.STI.PIE:DSD_PATENTS@DF_PATENTS_OECDSPECIFIC(1.0),,I,6F0,,A,,AP,,PATN,,PRIORITY,,PRI,,_Z,,INVENTOR,,_Z,,_Z,,_T,,2022,,12.0833,,A,,1,,0,
DATAFLOW,OECD.STI.PIE:DSD_PATENTS@DF_PATENTS_OECDSPECIFIC(1.0),,I,6F0,,A,,AP,,PATN,,PRIORITY,,DEU,,_Z,,INVENTOR,,_Z,,_Z,,_T,,2022,,20083.086,,A,,1,,0,
DATAFLOW,OECD.STI.PIE:DSD_PATENTS@DF_PATENTS_OECDSPECIFIC(1.0),,I,6F0,,A,,AP,,PATN,,PRIORITY,,IRN,,_Z,,INVENTOR,,_Z,,_Z,,_T,,2022,,9.7929001,,A,,1,,0,
DATAFLOW,OECD.STI.PIE:DSD_PATENTS@DF_PATENTS_OECDSPECIFIC(1.0),,I,6F0,,A,,AP,,PATN,,PRIORITY,,PAN,,_Z,,INVENTOR,,_Z,,_Z,,_T,,2022,,1.1667,,A,,1,,0,
DATAFLOW,OECD.STI.PIE:DSD_PATENTS@DF_PATENTS_OECDSPECIFIC(1.0),,I,6F0,,A,,AP,,PATN,,PRIORITY,,PHL,,_Z,,INVENTOR,,_Z,,_Z,,_T,,2022,,24.116699,,A,,1,,0,
DATAFLOW,OECD.STI.PIE:DSD_PATENTS@DF_PATENTS_OECDSPECIFIC(1.0),,I,6F0,,A,,AP,,PATN,,PRIORITY,,COL,,_Z,,INVENTOR,,_Z,,_Z,,_T,,2022,,15.825,,A,,1,,0,
DATAFLOW,OECD.STI.PIE:DSD_PATENTS@DF_PATENTS_OECDSPECIFIC(1.0),,I,6F0,,A,,AP,,PATN,,PRIORITY,,CYM,,_Z,,INVENTOR,,_Z,,_Z,,_T,,2022,,1.3333,,A,,1,,0,
DATAFLOW,OECD.STI.PIE:DSD_PATENTS@DF_PATENTS_OECDSPECIFIC(1.0),,I,6F0,,A,,AP,,PATN,,PRIORITY,,UKR,,_Z,,INVENTOR,,_Z,,_Z,,_T,,2022,,37.637299,,A,,1,,0,
DATAFLOW,OECD.STI.PIE:DSD_PATENTS@DF_PATENTS_OECDSPECIFIC(1.0),,I,6F0,,A,,AP,,PATN,,PRIORITY,,LTU,,_Z,,INVENTOR,,_Z,,_Z,,_T,,2022,,72.141701,,A,,1,,0,
DATAFLOW,OECD.STI.PIE:DSD_PATENTS@DF_PATENTS_OECDSPECIFIC(1.0),,I,6F0,,A,,AP,,PATN,,PRIORITY,,ISL,,_Z,,INVENTOR,,_Z,,_Z,,_T,,2022,,30.1905,,A,,1,,0,
DATAFLOW,OECD.STI.PIE:DSD_PATENTS@DF_PATENTS_OECDSPECIFIC(1.0),,I,6F0,,A,,AP,,PATN,,PRIORITY,,CUB,,_Z,,INVENTOR,,_Z,,_Z,,_T,,2022,,4,,A,,1,,0,
DATAFLOW,OECD.STI.PIE:DSD_PATENTS@DF_PATENTS_OECDSPECIFIC(1.0),,I,6F0,,A,,AP,,PATN,,PRIORITY,,KAZ,,_Z,,INVENTOR,,_Z,,_Z,,_T,,2022,,3.575,,A,,1,,0,
DATAFLOW,OECD.STI.PIE:DSD_PATENTS@DF_PATENTS_OECDSPECIFIC(1.0),,I,6F0,,A,,AP,,PATN,,PRIORITY,,MEX,,_Z,,INVENTOR,,_Z,,_Z,,_T,,2022,,69.227798,,A,,1,,0,
DATAFLOW,OECD.STI.PIE:DSD_PATENTS@DF_PATENTS_OECDSPECIFIC(1.0),,I,6F0,,A,,AP,,PATN,,PRIORITY,,MDA,,_Z,,INVENTOR,,_Z,,_Z,,_T,,2022,,1.625,,A,,1,,0,
DATAFLOW,OECD.STI.PIE:DSD_PATENTS@DF_PATENTS_OECDSPECIFIC(1.0),,I,6F0,,A,,AP,,PATN,,PRIORITY,,EU27_2020,,_Z,,INVENTOR,,_Z,,_Z,,_T,,2022,,51380.449,,A,,1,,0,
DATAFLOW,OECD.STI.PIE:DSD_PATENTS@DF_PATENTS_OECDSPECIFIC(1.0),,I,6F0,,A,,AP,,PATN,,PRIORITY,,CHE,,_Z,,INVENTOR,,_Z,,_Z,,_T,,2022,,3580.3821,,A,,1,,0,
DATAFLOW,OECD.STI.PIE:DSD_PATENTS@DF_PATENTS_OECDSPECIFIC(1.0),,I,6F0,,A,,AP,,PATN,,PRIORITY,,DZA,,_Z,,INVENTOR,,_Z,,_Z,,_T,,2022,,2.7857001,,A,,1,,0,
DATAFLOW,OECD.STI.PIE:DSD_PATENTS@DF_PATENTS_OECDSPECIFIC(1.0),,I,6F0,,A,,AP,,PATN,,PRIORITY,,HUN,,_Z,,INVENTOR,,_Z,,_Z,,_T,,2022,,228.5056,,A,,1,,0,
DATAFLOW,OECD.STI.PIE:DSD_PATENTS@DF_PATENTS_OECDSPECIFIC(1.0),,I,6F0,,A,,AP,,PATN,,PRIORITY,,CAN,,_Z,,INVENTOR,,_Z,,_Z,,_T,,2022,,2064.3301,,A,,1,,0,
DATAFLOW,OECD.STI.PIE:DSD_PATENTS@DF_PATENTS_OECDSPECIFIC(1.0),,I,6F0,,A,,AP,,PATN,,PRIORITY,,NOR,,_Z,,INVENTOR,,_Z,,_Z,,_T,,2022,,513.62,,A,,1,,0,
DATAFLOW,OECD.STI.PIE:DSD_PATENTS@DF_PATENTS_OECDSPECIFIC(1.0),,I,6F0,,A,,AP,,PATN,,PRIORITY,,ARM,,_Z,,INVENTOR,,_Z,,_Z,,_T,,2022,,5.5667,,A,,1,,0,
DATAFLOW,OECD.STI.PIE:DSD_PATENTS@DF_PATENTS_OECDSPECIFIC(1.0),,I,6F0,,A,,AP,,PATN,,PRIORITY,,SWE,,_Z,,INVENTOR,,_Z,,_Z,,_T,,2022,,3059.8923,,A,,1,,0,
DATAFLOW,OECD.STI.PIE:DSD_PATENTS@DF_PATENTS_OECDSPECIFIC(1.0),,I,6F0,,A,,AP,,PATN,,PRIORITY,,HKG,,_Z,,INVENTOR,,_Z,,_Z,,_T,,2022,,225.4769,,A,,1,,0,
DATAFLOW,OECD.STI.PIE:DSD_PATENTS@DF_PATENTS_OECDSPECIFIC(1.0),,I,6F0,,A,,AP,,PATN,,PRIORITY,,CYP,,_Z,,INVENTOR,,_Z,,_Z,,_T,,2022,,18.866699,,A,,1,,0,
DATAFLOW,OECD.STI.PIE:DSD_PATENTS@DF_PATENTS_OECDSPECIFIC(1.0),,I,6F0,,A,,AP,,PATN,,PRIORITY,,GTM,,_Z,,INVENTOR,,_Z,,_Z,,_T,,2022,,0.83329999,,A,,1,,0,
DATAFLOW,OECD.STI.PIE:DSD_PATENTS@DF_PATENTS_OECDSPECIFIC(1.0),,I,6F0,,A,,AP,,PATN,,PRIORITY,,PRT,,_Z,,INVENTOR,,_Z,,_Z,,_T,,2022,,277.98129,,A,,1,,0,
DATAFLOW,OECD.STI.PIE:DSD_PATENTS@DF_PATENTS_OECDSPECIFIC(1.0),,I,6F0,,A,,AP,,PATN,,PRIORITY,,KEN,,_Z,,INVENTOR,,_Z,,_Z,,_T,,2022,,0.33329999,,A,,1,,0,
DATAFLOW,OECD.STI.PIE:DSD_PATENTS@DF_PATENTS_OECDSPECIFIC(1.0),,I,6F0,,A,,AP,,PATN,,PRIORITY,,OECD,,_Z,,INVENTOR,,_Z,,_Z,,_T,,2022,,127897.13,,A,,1,,0,
DATAFLOW,OECD.STI.PIE:DSD_PATENTS@DF_PATENTS_OECDSPECIFIC(1.0),,I,6F0,,A,,AP,,PATN,,PRIORITY,,EGY,,_Z,,INVENTOR,,_Z,,_Z,,_T,,2022,,18.6667,,A,,1,,0,
DATAFLOW,OECD.STI.PIE:DSD_PATENTS@DF_PATENTS_OECDSPECIFIC(1.0),,I,6F0,,A,,AP,,PATN,,PRIORITY,,FRA,,_Z,,INVENTOR,,_Z,,_Z,,_T,,2022,,8132.751,,A,,1,,0,
DATAFLOW,OECD.STI.PIE:DSD_PATENTS@DF_PATENTS_OECDSPECIFIC(1.0),,I,6F0,,A,,AP,,PATN,,PRIORITY,,HRV,,_Z,,INVENTOR,,_Z,,_Z,,_T,,2022,,56.787498,,A,,1,,0,
DATAFLOW,OECD.STI.PIE:DSD_PATENTS@DF_PATENTS_OECDSPECIFIC(1.0),,I,6F0,,A,,AP,,PATN,,PRIORITY,,PRK,,_Z,,INVENTOR,,_Z,,_Z,,_T,,2022,,0.16670001,,A,,1,,0,
DATAFLOW,OECD.STI.PIE:DSD_PATENTS@DF_PATENTS_OECDSPECIFIC(1.0),,I,6F0,,A,,AP,,PATN,,PRIORITY,,LBN,,_Z,,INVENTOR,,_Z,,_Z,,_T,,2022,,1.25,,A,,1,,0,
DATAFLOW,OECD.STI.PIE:DSD_PATENTS@DF_PATENTS_OECDSPECIFIC(1.0),,I,6F0,,A,,AP,,PATN,,PRIORITY,,DNK,,_Z,,INVENTOR,,_Z,,_Z,,_T,,2022,,1687.2639,,A,,1,,0,
DATAFLOW,OECD.STI.PIE:DSD_PATENTS@DF_PATENTS_OECDSPECIFIC(1.0),,I,6F0,,A,,AP,,PATN,,PRIORITY,,CHN,,_Z,,INVENTOR,,_Z,,_Z,,_T,,2022,,19998.402,,A,,1,,0,
DATAFLOW,OECD.STI.PIE:DSD_PATENTS@DF_PATENTS_OECDSPECIFIC(1.0),,I,6F0,,A,,AP,,PATN,,PRIORITY,,SVN,,_Z,,INVENTOR,,_Z,,_Z,,_T,,2022,,164.31441,,A,,1,,0,
DATAFLOW,OECD.STI.PIE:DSD_PATENTS@DF_PATENTS_OECDSPECIFIC(1.0),,I,6F0,,A,,AP,,PATN,,PRIORITY,,LUX,,_Z,,INVENTOR,,_Z,,_Z,,_T,,2022,,95.106102,,A,,1,,0,
DATAFLOW,OECD.STI.PIE:DSD_PATENTS@DF_PATENTS_OECDSPECIFIC(1.0),,I,6F0,,A,,AP,,PATN,,PRIORITY,,BEL,,_Z,,INVENTOR,,_Z,,_Z,,_T,,2022,,1649.165,,A,,1,,0,
DATAFLOW,OECD.STI.PIE:DSD_PATENTS@DF_PATENTS_OECDSPECIFIC(1.0),,I,6F0,,A,,AP,,PATN,,PRIORITY,,SAU,,_Z,,INVENTOR,,_Z,,_Z,,_T,,2022,,130.2262,,A,,1,,0,
DATAFLOW,OECD.STI.PIE:DSD_PATENTS@DF_PATENTS_OECDSPECIFIC(1.0),,I,6F0,,A,,AP,,PATN,,PRIORITY,,URY,,_Z,,INVENTOR,,_Z,,_Z,,_T,,2022,,11.5929,,A,,1,,0,
DATAFLOW,OECD.STI.PIE:DSD_PATENTS@DF_PATENTS_OECDSPECIFIC(1.0),,I,6F0,,A,,AP,,PATN,,PRIORITY,,CZE,,_Z,,INVENTOR,,_Z,,_Z,,_T,,2022,,263.39761,,A,,1,,0,
DATAFLOW,OECD.STI.PIE:DSD_PATENTS@DF_PATENTS_OECDSPECIFIC(1.0),,I,6F0,,A,,AP,,PATN,,PRIORITY,,PAK,,_Z,,INVENTOR,,_Z,,_Z,,_T,,2022,,5.4667001,,A,,1,,0,
DATAFLOW,OECD.STI.PIE:DSD_PATENTS@DF_PATENTS_OECDSPECIFIC(1.0),,I,6F0,,A,,AP,,PATN,,PRIORITY,,BIH,,_Z,,INVENTOR,,_Z,,_Z,,_T,,2022,,1.8,,A,,1,,0,
DATAFLOW,OECD.STI.PIE:DSD_PATENTS@DF_PATENTS_OECDSPECIFIC(1.0),,I,6F0,,A,,AP,,PATN,,PRIORITY,,MKD,,_Z,,INVENTOR,,_Z,,_Z,,_T,,2022,,2.55,,A,,1,,0,
DATAFLOW,OECD.STI.PIE:DSD_PATENTS@DF_PATENTS_OECDSPECIFIC(1.0),,I,6F0,,A,,AP,,PATN,,PRIORITY,,JPN,,_Z,,INVENTOR,,_Z,,_Z,,_T,,2022,,17223.471,,A,,1,,0,
DATAFLOW,OECD.STI.PIE:DSD_PATENTS@DF_PATENTS_OECDSPECIFIC(1.0),,I,6F0,,A,,AP,,PATN,,PRIORITY,,JOR,,_Z,,INVENTOR,,_Z,,_Z,,_T,,2022,,5,,A,,1,,0,
DATAFLOW,OECD.STI.PIE:DSD_PATENTS@DF_PATENTS_OECDSPECIFIC(1.0),,I,6F0,,A,,AP,,PATN,,PRIORITY,,BLR,,_Z,,INVENTOR,,_Z,,_Z,,_T,,2022,,4.9166999,,A,,1,,0,
DATAFLOW,OECD.STI.PIE:DSD_PATENTS@DF_PATENTS_OECDSPECIFIC(1.0),,I,6F0,,A,,AP,,PATN,,PRIORITY,,KOR,,_Z,,INVENTOR,,_Z,,_Z,,_T,,2022,,10750.979,,A,,1,,0,
DATAFLOW,OECD.STI.PIE:DSD_PATENTS@DF_PATENTS_OECDSPECIFIC(1.0),,I,6F0,,A,,AP,,PATN,,PRIORITY,,EST,,_Z,,INVENTOR,,_Z,,_Z,,_T,,2022,,32.716702,,A,,1,,0,
DATAFLOW,OECD.STI.PIE:DSD_PATENTS@DF_PATENTS_OECDSPECIFIC(1.0),,I,6F0,,A,,AP,,PATN,,PRIORITY,,BRA,,_Z,,INVENTOR,,_Z,,_Z,,_T,,2022,,214.9653,,A,,1,,0,
DATAFLOW,OECD.STI.PIE:DSD_PATENTS@DF_PATENTS_OECDSPECIFIC(1.0),,I,6F0,,A,,AP,,PATN,,PRIORITY,,ARG,,_Z,,INVENTOR,,_Z,,_Z,,_T,,2022,,28.0786,,A,,1,,0,
DATAFLOW,OECD.STI.PIE:DSD_PATENTS@DF_PATENTS_OECDSPECIFIC(1.0),,I,6F0,,A,,AP,,PATN,,PRIORITY,,NZL,,_Z,,INVENTOR,,_Z,,_Z,,_T,,2022,,127.3452,,A,,1,,0,
DATAFLOW,OECD.STI.PIE:DSD_PATENTS@DF_PATENTS_OECDSPECIFIC(1.0),,I,6F0,,A,,AP,,PATN,,PRIORITY,,MNG,,_Z,,INVENTOR,,_Z,,_Z,,_T,,2022,,0.33329999,,A,,1,,0,
DATAFLOW,OECD.STI.PIE:DSD_PATENTS@DF_PATENTS_OECDSPECIFIC(1.0),,I,6F0,,A,,AP,,PATN,,PRIORITY,,USA,,_Z,,INVENTOR,,_Z,,_Z,,_T,,2022,,34244.988,,A,,1,,0,
DATAFLOW,OECD.STI.PIE:DSD_PATENTS@DF_PATENTS_OECDSPECIFIC(1.0),,I,6F0,,A,,AP,,PATN,,PRIORITY,,ESP,,_Z,,INVENTOR,,_Z,,_Z,,_T,,2022,,1795.9836,,A,,1,,0,
DATAFLOW,OECD.STI.PIE:DSD_PATENTS@DF_PATENTS_OECDSPECIFIC(1.0),,I,6F0,,A,,AP,,PATN,,PRIORITY,,W,,_Z,,INVENTOR,,_Z,,_Z,,_T,,2022,,153682,,A,,1,,0,
DATAFLOW,OECD.STI.PIE:DSD_PATENTS@DF_PATENTS_OECDSPECIFIC(1.0),,I,6F0,,A,,AP,,PATN,,PRIORITY,,GRC,,_Z,,INVENTOR,,_Z,,_Z,,_T,,2022,,176.28999,,A,,1,,0,
DATAFLOW,OECD.STI.PIE:DSD_PATENTS@DF_PATENTS_OECDSPECIFIC(1.0),,I,6F0,,A,,AP,,PATN,,PRIORITY,,RUS,,_Z,,INVENTOR,,_Z,,_Z,,_T,,2022,,133.4903,,A,,1,,0,
DATAFLOW,OECD.STI.PIE:DSD_PATENTS@DF_PATENTS_OECDSPECIFIC(1.0),,I,6F0,,A,,AP,,PATN,,PRIORITY,,TUR,,_Z,,INVENTOR,,_Z,,_Z,,_T,,2022,,561.5119,,A,,1,,0,
DATAFLOW,OECD.STI.PIE:DSD_PATENTS@DF_PATENTS_OECDSPECIFIC(1.0),,I,6F0,,A,,AP,,PATN,,PRIORITY,,MCO,,_Z,,INVENTOR,,_Z,,_Z,,_T,,2022,,10.25,,A,,1,,0,
